FinalID,phylum,class,order,family,genus,BOLD_Records,BOLD_Records_USA,BOLD_Records_CA,BOLD_Records_COI,BOLD_Records_COI_USA,BOLD_Records_COI_CA,BOLD_Records_COI_SW
Abietinaria,Cnidaria,Hydrozoa,Leptothecata,Sertulariidae,Abietinaria,13,8,0,8,4,0,0
Mexacanthina lugubris,Mollusca,Gastropoda,Neogastropoda,Muricidae,Mexacanthina,111,18,5,111,18,5,5
Acanthinucella paucilirata,Mollusca,Gastropoda,Neogastropoda,Muricidae,Acanthinucella,1,1,0,1,1,0,0
Acanthinucella,Mollusca,Gastropoda,Neogastropoda,Muricidae,Acanthinucella,76,28,27,72,24,23,23
Acarnus erithacus,NA,NA,NA,NA,NA,0,0,0,0,0,0,0
Acmaea mitra,Mollusca,Gastropoda,NA,Acmaeidae,Acmaea,20,13,0,18,13,0,0
Acrosiphonia,Chlorophyta,Ulvophyceae,Ulotrichales,Ulotrichaceae,Acrosiphonia,128,17,6,0,0,0,0
Acrosorium ciliolatum,Rhodophyta,Florideophyceae,Ceramiales,Delesseriaceae,Acrosorium,7,0,0,0,0,0,0
Aeolidia papillosa,Mollusca,Gastropoda,Nudibranchia,Aeolidiidae,Aeolidia,133,20,0,129,19,0,0
Aglaophenia latirostris,Cnidaria,Hydrozoa,Leptothecata,Aglaopheniidae,Aglaophenia,3,0,0,2,0,0,0
Ahnfeltia fastigiata,Rhodophyta,Florideophyceae,Ahnfeltiales,Ahnfeltiaceae,Ahnfeltia,45,1,0,33,0,0,0
Ahnfeltiopsis,Rhodophyta,Florideophyceae,Gigartinales,Phyllophoraceae,Ahnfeltiopsis,70,14,12,46,9,9,9
Ahnfeltiopsis gigartinoides,Rhodophyta,Florideophyceae,Gigartinales,Phyllophoraceae,Ahnfeltiopsis,2,1,0,0,0,0,0
Ahnfeltiopsis linearis,Rhodophyta,Florideophyceae,Gigartinales,Phyllophoraceae,Ahnfeltiopsis,12,5,5,10,5,5,5
Alaria marginata,Ochrophyta,Phaeophyceae,Laminariales,Alariaceae,Alaria,36,3,3,30,2,2,2
Alaria nana,Ochrophyta,Phaeophyceae,Laminariales,Alariaceae,Alaria,1,0,0,0,0,0,0
Alia,Mollusca,Gastropoda,Neogastropoda,Columbellidae,Alia,104,20,19,90,14,14,14
Amphipholis squamata,Echinodermata,Ophiuroidea,Amphilepidida,Amphiuridae,Amphipholis,65,22,4,53,21,4,4
Amphiroa beauvoisii,Rhodophyta,Florideophyceae,Corallinales,Corallinaceae,Amphiroa,14,2,0,4,1,0,0
Amphissa,Mollusca,Gastropoda,Neogastropoda,Columbellidae,Amphissa,96,13,5,87,11,4,4
Amphissa columbiana,Mollusca,Gastropoda,Neogastropoda,Columbellidae,Amphissa,78,8,0,71,7,0,0
Amphissa versicolor,Mollusca,Gastropoda,Neogastropoda,Columbellidae,Amphissa,1,0,0,1,0,0,0
Analipus japonicus,Ochrophyta,Phaeophyceae,Ralfsiales,Ralfsiaceae,Analipus,15,6,6,12,6,6,6
Peltodoris nobilis,Mollusca,Gastropoda,Nudibranchia,Discodorididae,Peltodoris,4,2,1,4,2,1,1
Anthopleura,Cnidaria,Anthozoa,Actiniaria,Actiniidae,Anthopleura,234,105,78,183,102,75,75
Anthopleura artemisia,Cnidaria,Anthozoa,Actiniaria,Actiniidae,Anthopleura,5,0,0,2,0,0,0
Anthopleura elegantissima,Cnidaria,Anthozoa,Actiniaria,Actiniidae,Anthopleura,158,82,57,133,79,54,54
Anthopleura sola,Cnidaria,Anthozoa,Actiniaria,Actiniidae,Anthopleura,20,20,20,20,20,20,20
Anthopleura xanthogrammica,Cnidaria,Anthozoa,Actiniaria,Actiniidae,Anthopleura,42,1,1,20,1,1,1
Antithamnionella,Rhodophyta,Florideophyceae,Ceramiales,Ceramiaceae,Antithamnionella,8,2,0,0,0,0,0
Aplidium,Chordata,Ascidiacea,Aplousobranchia,Polyclinidae,Aplidium,116,41,0,80,23,0,0
Aplysia californica,Mollusca,Gastropoda,Aplysiida,Aplysiidae,Aplysia,16,2,1,8,2,1,1
Aplysina fistularis,Porifera,Demospongiae,Verongiida,Aplysinidae,Aplysina,3,0,0,3,0,0,0
Eudistoma psammion,Chordata,Ascidiacea,Aplousobranchia,Polycitoridae,Eudistoma,2,2,0,2,2,0,0
Eudistoma ritteri,NA,NA,NA,NA,NA,0,0,0,0,0,0,0
Doris montereyensis,Mollusca,Gastropoda,Nudibranchia,Dorididae,Doris,12,10,1,11,9,1,1
Balanophyllia elegans,Cnidaria,Anthozoa,Scleractinia,Dendrophylliidae,Balanophyllia,21,0,0,15,0,0,0
Balanus crenatus,Arthropoda,Thecostraca,Sessilia,Balanidae,Balanus,201,45,0,188,45,0,0
Balanus glandula,Arthropoda,Thecostraca,Sessilia,Balanidae,Balanus,3538,699,633,3526,690,624,624
Balanus nubilus,Arthropoda,Thecostraca,Sessilia,Balanidae,Balanus,9,6,0,7,6,0,0
Bangia,Rhodophyta,Bangiophyceae,Bangiales,Bangiaceae,Bangia,138,20,0,41,5,0,0
Lirobittium attenuatum,NA,NA,NA,NA,NA,0,0,0,0,0,0,0
Neostylidium eschrichtii,Mollusca,Gastropoda,NA,Cerithiidae,Neostylidium,14,0,0,0,0,0,0
Lirobittium munitum,Mollusca,Gastropoda,NA,Cerithiidae,Lirobittium,2,2,0,2,2,0,0
Blidingia subsalsa,NA,NA,NA,NA,NA,0,0,0,0,0,0,0
Bossiella,Rhodophyta,Florideophyceae,Corallinales,Corallinaceae,Bossiella,527,182,142,236,44,44,44
Botrylloides,Chordata,Ascidiacea,Stolidobranchia,Styelidae,Botrylloides,421,41,2,361,40,2,2
Botryllus,Chordata,Ascidiacea,Stolidobranchia,Styelidae,Botryllus,522,16,0,510,12,0,0
Bryopsis,Chlorophyta,Ulvophyceae,Bryopsidales,Bryopsidaceae,Bryopsis,214,12,3,0,0,0,0
Bugula neritina,Bryozoa,Gymnolaemata,Cheilostomatida,Bugulidae,Bugula,676,227,57,359,161,45,45
Bulla gouldiana,Mollusca,Gastropoda,Cephalaspidea,Bullidae,Bulla,16,14,14,9,7,7,7
Cadlina luteomarginata,Mollusca,Gastropoda,Nudibranchia,Cadlinidae,Cadlina,4,0,0,4,0,0,0
Calliarthron,Rhodophyta,Florideophyceae,Corallinales,Corallinaceae,Calliarthron,133,39,27,113,27,27,27
Calliostoma,Mollusca,Gastropoda,Trochida,Calliostomatidae,Calliostoma,259,60,1,189,60,1,1
Calliostoma annulatum,Mollusca,Gastropoda,Trochida,Calliostomatidae,Calliostoma,18,0,0,10,0,0,0
Calliostoma canaliculatum,Mollusca,Gastropoda,Trochida,Calliostomatidae,Calliostoma,20,0,0,11,0,0,0
Calliostoma ligatum,Mollusca,Gastropoda,Trochida,Calliostomatidae,Calliostoma,159,58,0,114,58,0,0
Calliostoma supragranosum,NA,NA,NA,NA,NA,0,0,0,0,0,0,0
Callithamnion pikeanum,Rhodophyta,Florideophyceae,Ceramiales,Callithamniaceae,Callithamnion,14,5,0,8,0,0,0
Callophyllis,Rhodophyta,Florideophyceae,Gigartinales,Kallymeniaceae,Callophyllis,1166,75,72,834,49,48,48
Callophyllis violacea,Rhodophyta,Florideophyceae,Gigartinales,Kallymeniaceae,Callophyllis,39,0,0,24,0,0,0
Cancer,Arthropoda,Malacostraca,Decapoda,Cancridae,Cancer,153,39,2,143,38,2,2
Romaleon branneri,Arthropoda,Malacostraca,Decapoda,Cancridae,Romaleon,8,0,0,5,0,0,0
Romaleon jordani,NA,NA,NA,NA,NA,0,0,0,0,0,0,0
Glebocarcinus oregonensis,Arthropoda,Malacostraca,Decapoda,Cancridae,Glebocarcinus,31,11,0,26,11,0,0
Cancer productus,Arthropoda,Malacostraca,Decapoda,Cancridae,Cancer,48,24,2,41,24,2,2
Caulacanthus ustulatus,Rhodophyta,Florideophyceae,Gigartinales,Caulacanthaceae,Caulacanthus,10,0,0,8,0,0,0
Ceramium,Rhodophyta,Florideophyceae,Ceramiales,Ceramiaceae,Ceramium,578,158,9,253,87,9,9
Ceramium washingtoniense,Rhodophyta,Florideophyceae,Ceramiales,Ceramiaceae,Ceramium,1,1,0,0,0,0,0
Ceratostoma,Mollusca,Gastropoda,Neogastropoda,Muricidae,Ceratostoma,82,18,18,66,15,15,15
Ceratostoma foliatum,Mollusca,Gastropoda,Neogastropoda,Muricidae,Ceratostoma,46,0,0,33,0,0,0
Ceratostoma nuttalli,Mollusca,Gastropoda,Neogastropoda,Muricidae,Ceratostoma,18,18,18,15,15,15,15
Cerithiopsis,Mollusca,Gastropoda,NA,Cerithiopsidae,Cerithiopsis,87,0,0,77,0,0,0
Chaetomorpha,Chlorophyta,Ulvophyceae,Cladophorales,Cladophoraceae,Chaetomorpha,25,1,0,0,0,0,0
Chlamys rubida,Mollusca,Bivalvia,Pectinida,Pectinidae,Chlamys,4,1,0,0,0,0,0
Chondracanthus canaliculatus,Rhodophyta,Florideophyceae,Gigartinales,Gigartinaceae,Chondracanthus,11,11,8,8,8,8,8
Chondracanthus harveyanus,Rhodophyta,Florideophyceae,Gigartinales,Gigartinaceae,Chondracanthus,48,20,17,42,16,16,16
Chondracanthus spinosus,Rhodophyta,Florideophyceae,Gigartinales,Gigartinaceae,Chondracanthus,6,5,0,0,0,0,0
Chondria californica,Rhodophyta,Florideophyceae,Ceramiales,Rhodomelaceae,Chondria,3,2,2,0,0,0,0
Chondria dasyphylla,NA,NA,NA,NA,NA,0,0,0,0,0,0,0
Chondria decipiens,Rhodophyta,Florideophyceae,Ceramiales,Rhodomelaceae,Chondria,1,1,0,0,0,0,0
Chthamalus,Arthropoda,Thecostraca,Sessilia,Chthamalidae,Chthamalus,3712,160,124,3700,157,121,121
Cirolana,Arthropoda,Malacostraca,Isopoda,Cirolanidae,Cirolana,19,2,0,16,0,0,0
Cladophora columbiana,NA,NA,NA,NA,NA,0,0,0,0,0,0,0
Clavelina huntsmani,NA,NA,NA,NA,NA,0,0,0,0,0,0,0
Cnemidocarpa finmarkiensis,Chordata,Ascidiacea,Stolidobranchia,Styelidae,Cnemidocarpa,2,2,0,1,1,0,0
Codium fragile,Chlorophyta,Ulvophyceae,Bryopsidales,Codiaceae,Codium,13,2,1,2,0,0,0
Codium setchellii,Chlorophyta,Ulvophyceae,Bryopsidales,Codiaceae,Codium,6,2,2,0,0,0,0
Colpomenia,Ochrophyta,Phaeophyceae,Ectocarpales,Scytosiphonaceae,Colpomenia,107,2,0,49,1,0,0
Constantinea simplex,NA,NA,NA,NA,NA,0,0,0,0,0,0,0
Californiconus californicus,Mollusca,Gastropoda,Neogastropoda,Conidae,Californiconus,25,17,17,18,10,10,10
Corynactis californica,Cnidaria,Anthozoa,Corallimorpharia,Corallimorphidae,Corynactis,34,2,2,16,2,2,2
Costaria costata,Ochrophyta,Phaeophyceae,Laminariales,Agaraceae,Costaria,29,0,0,15,0,0,0
Crangon,Arthropoda,Malacostraca,Decapoda,Crangonidae,Crangon,256,17,0,242,17,0,0
Crepidula,Mollusca,Gastropoda,Littorinimorpha,Calyptraeidae,Crepidula,487,154,70,424,140,60,60
Crepipatella lingulata,Mollusca,Gastropoda,Littorinimorpha,Calyptraeidae,Crepipatella,111,57,56,98,48,47,47
Crisulipora occidentalis,NA,NA,NA,NA,NA,0,0,0,0,0,0,0
Crucibulum spinosum,Mollusca,Gastropoda,Littorinimorpha,Calyptraeidae,Crucibulum,23,23,16,23,23,16,16
Cryptochiton stelleri,Mollusca,Polyplacophora,Chitonida,Mopaliidae,Cryptochiton,23,2,1,13,2,1,1
Cryptolithodes sitchensis,Arthropoda,Malacostraca,Decapoda,Lithodidae,Cryptolithodes,5,0,0,3,0,0,0
Cryptolithodes typicus,Arthropoda,Malacostraca,Decapoda,Lithodidae,Cryptolithodes,8,1,0,4,1,0,0
Cryptonemia,Rhodophyta,Florideophyceae,Halymeniales,Halymeniaceae,Cryptonemia,71,11,1,2,1,1,1
Cryptosiphonia woodii,Rhodophyta,Florideophyceae,Gigartinales,Dumontiaceae,Cryptosiphonia,13,2,1,10,1,1,1
Cucumaria miniata,Echinodermata,Holothuroidea,Dendrochirotida,Cucumariidae,Cucumaria,35,5,0,25,4,0,0
Cumagloia andersonii,Rhodophyta,Florideophyceae,Nemaliales,Liagoraceae,Cumagloia,17,4,2,15,3,2,2
Cyanoplax,Mollusca,Polyplacophora,Chitonida,Lepidochitonidae,Cyanoplax,236,8,8,224,4,4,4
Cyanoplax fernaldi,NA,NA,NA,NA,NA,0,0,0,0,0,0,0
Cyanoplax hartwegii,Mollusca,Polyplacophora,Chitonida,Lepidochitonidae,Cyanoplax,75,8,8,71,4,4,4
Cycloxanthops novemdentatus,NA,NA,NA,NA,NA,0,0,0,0,0,0,0
Neobernaya spadicea,Mollusca,Gastropoda,Littorinimorpha,Cypraeidae,Neobernaya,8,4,4,7,3,3,3
Cystoseira osmundacea,Ochrophyta,Phaeophyceae,Fucales,Sargassaceae,Cystoseira,1,0,0,0,0,0,0
Dasya,Rhodophyta,Florideophyceae,Ceramiales,Delesseriaceae,Dasya,104,24,3,40,9,3,3
Cumathamnion decipiens,Rhodophyta,Florideophyceae,Ceramiales,Delesseriaceae,Cumathamnion,45,6,6,40,6,6,6
Dendrobeania lichenoides,Bryozoa,Gymnolaemata,Cheilostomatida,Bugulidae,Dendrobeania,1,1,0,0,0,0,0
Dendronotus subramosus,Mollusca,Gastropoda,Nudibranchia,Dendronotidae,Dendronotus,7,2,0,6,1,0,0
Derbesia marina,Chlorophyta,Ulvophyceae,Bryopsidales,Derbesiaceae,Derbesia,6,3,0,0,0,0,0
Dermasterias imbricata,Echinodermata,Asteroidea,Valvatida,Asteropseidae,Dermasterias,20,1,0,18,1,0,0
Desmarestia aculeata,Ochrophyta,Phaeophyceae,Desmarestiales,Desmarestiaceae,Desmarestia,54,7,0,43,5,0,0
Desmarestia ligulata,Ochrophyta,Phaeophyceae,Desmarestiales,Desmarestiaceae,Desmarestia,8,1,1,1,1,1,1
Diaperoforma californica,NA,NA,NA,NA,NA,0,0,0,0,0,0,0
Diaulula sandiegensis,Mollusca,Gastropoda,Nudibranchia,Discodorididae,Diaulula,63,33,10,61,31,9,9
Dictyoneurum californicum,Ochrophyta,Phaeophyceae,Laminariales,Agaraceae,Dictyoneurum,6,3,3,4,2,2,2
Dictyopteris undulata,Pteridophyta,Polypodiopsida,Polypodiales,Polypodiaceae,Dictyopteris,8,0,0,0,0,0,0
Dictyota,Ochrophyta,Phaeophyceae,Dictyotales,Dictyotaceae,Dictyota,245,2,0,33,0,0,0
Didemnum,Chordata,Ascidiacea,Aplousobranchia,Didemnidae,Didemnum,417,50,6,398,46,6,6
Dilsea californica,Rhodophyta,Florideophyceae,Gigartinales,Dumontiaceae,Dilsea,47,3,1,46,3,1,1
Diodora aspera,Mollusca,Gastropoda,Lepetellida,Fissurellidae,Diodora,5,0,0,2,0,0,0
Diopatra ornata,Annelida,Polychaeta,Eunicida,Onuphidae,Diopatra,8,8,1,4,4,1,1
Dirona albolineata,Mollusca,Gastropoda,Nudibranchia,Dironidae,Dirona,5,0,0,5,0,0,0
Dirona picta,Mollusca,Gastropoda,Nudibranchia,Dironidae,Dirona,2,0,0,2,0,0,0
Distaplia occidentalis,Chordata,Ascidiacea,Aplousobranchia,Holozoidae,Distaplia,7,6,0,1,1,0,0
Distaplia smithi,Chordata,Ascidiacea,Aplousobranchia,Holozoidae,Distaplia,2,2,0,0,0,0,0
Dodecaceria,Annelida,Polychaeta,Terebellida,Cirratulidae,Dodecaceria,29,2,0,27,2,0,0
Doriopsilla albopunctata,Mollusca,Gastropoda,Nudibranchia,Dendrodorididae,Doriopsilla,34,29,11,29,24,6,6
Doris odhneri,NA,NA,NA,NA,NA,0,0,0,0,0,0,0
Dysidea fragilis,NA,NA,NA,NA,NA,0,0,0,0,0,0,0
Egregia menziesii,Ochrophyta,Phaeophyceae,Laminariales,Lessoniaceae,Egregia,25,4,4,22,4,4,4
Emplectonema gracile,Nemertea,Hoplonemertea,Monostilifera,Emplectonematidae,Emplectonema,29,11,0,21,11,0,0
Endarachne binghamiae,Ochrophyta,Phaeophyceae,Ectocarpales,Scytosiphonaceae,Endarachne,13,0,0,0,0,0,0
Endocladia muricata,Rhodophyta,Florideophyceae,Gigartinales,Endocladiaceae,Endocladia,7,4,3,4,3,3,3
Epiactis prolifera,Cnidaria,Anthozoa,Actiniaria,Actiniidae,Epiactis,7,1,1,4,1,1,1
Epiactis ritteri,Cnidaria,Anthozoa,Actiniaria,Actiniidae,Epiactis,2,0,0,0,0,0,0
Epialtoides hiltoni,Arthropoda,Malacostraca,Decapoda,Epialtidae,Epialtoides,1,0,0,1,0,0,0
Epitonium tinctum,Mollusca,Gastropoda,NA,Epitoniidae,Epitonium,3,3,3,3,3,3,3
Erythrophyllum delesserioides,Rhodophyta,Florideophyceae,Gigartinales,Kallymeniaceae,Erythrophyllum,46,13,12,30,9,9,9
Eudendrium californicum,NA,NA,NA,NA,NA,0,0,0,0,0,0,0
Eudistylia polymorpha,NA,NA,NA,NA,NA,0,0,0,0,0,0,0
Eugorgia rubens,Cnidaria,Anthozoa,Alcyonacea,Gorgoniidae,Eugorgia,1,1,0,1,1,0,0
Euherdmania claviformis,NA,NA,NA,NA,NA,0,0,0,0,0,0,0
Eupentacta quinquesemita,Echinodermata,Holothuroidea,Dendrochirotida,Sclerodactylidae,Eupentacta,8,1,0,6,1,0,0
Integripelta bilabiata,Bryozoa,Gymnolaemata,Cheilostomata,Eurystomellidae,Integripelta,1,1,0,0,0,0,0
Evasterias troschelii,Echinodermata,Asteroidea,Forcipulatida,Asteriidae,Evasterias,67,5,0,67,5,0,0
Farlowia compressa,Rhodophyta,Florideophyceae,Gigartinales,Dumontiaceae,Farlowia,5,5,5,5,5,5,5
Farlowia mollis,Rhodophyta,Florideophyceae,Gigartinales,Dumontiaceae,Farlowia,22,0,0,21,0,0,0
Gloiocladia laciniata,Rhodophyta,Florideophyceae,Rhodymeniales,Faucheaceae,Gloiocladia,17,4,0,11,0,0,0
Fissurella,Mollusca,Gastropoda,Lepetellida,Fissurellidae,Fissurella,205,55,20,193,51,16,16
Fissurella volcano,Mollusca,Gastropoda,Lepetellida,Fissurellidae,Fissurella,71,55,20,59,51,16,16
Fissurellidea bimaculata,Mollusca,Gastropoda,Lepetellida,Fissurellidae,Fissurellidea,3,2,2,3,2,2,2
Flabellina iodinea,Mollusca,Gastropoda,Nudibranchia,Flabellinidae,Flabellina,6,2,2,4,0,0,0
Flabellina trilineata,Mollusca,Gastropoda,Nudibranchia,Flabellinidae,Flabellina,4,0,0,4,0,0,0
Flustrellidra corniculata,NA,NA,NA,NA,NA,0,0,0,0,0,0,0
Gastroclonium,Rhodophyta,Florideophyceae,Rhodymeniales,Champiaceae,Gastroclonium,37,0,0,12,0,0,0
Gelidium,Rhodophyta,Florideophyceae,Gelidiales,Gelidiaceae,Gelidium,517,49,34,245,30,29,30
Gelidium purpurascens,Rhodophyta,Florideophyceae,Gelidiales,Gelidiaceae,Gelidium,22,2,1,20,1,1,1
Gelidium robustum,Rhodophyta,Florideophyceae,Gelidiales,Gelidiaceae,Gelidium,10,9,9,7,7,7,7
Gersemia rubiformis,Cnidaria,Anthozoa,Alcyonacea,Nephtheidae,Gersemia,78,0,0,57,0,0,0
Girella nigricans,Chordata,Actinopterygii,Perciformes,Kyphosidae,Girella,1,1,1,1,1,1,1
Gloiopeltis furcata,Rhodophyta,Florideophyceae,Gigartinales,Endocladiaceae,Gloiopeltis,5,0,0,2,0,0,0
Gloiosiphonia capillaris,Rhodophyta,Florideophyceae,Gigartinales,Gloiosiphoniaceae,Gloiosiphonia,6,0,0,4,0,0,0
Gobiesox,Chordata,Actinopterygii,Gobiesociformes,Gobiesocidae,Gobiesox,332,10,2,325,9,1,1
Gracilaria textorii,Rhodophyta,Florideophyceae,Gracilariales,Gracilariaceae,Gracilaria,34,0,0,5,0,0,0
Gracilariopsis,Rhodophyta,Florideophyceae,Gracilariales,Gracilariaceae,Gracilariopsis,258,13,12,115,11,11,11
Grateloupia californica,Rhodophyta,Florideophyceae,Halymeniales,Halymeniaceae,Grateloupia,9,2,2,4,2,2,2
Griffithsia pacifica,Rhodophyta,Florideophyceae,Ceramiales,Wrangeliaceae,Griffithsia,3,2,0,0,0,0,0
Fredericqia chiton,Rhodophyta,Florideophyceae,Gigartinales,Phyllophoraceae,Fredericqia,14,6,6,13,6,6,6
Halichondria panicea,Porifera,Demospongiae,Suberitida,Halichondriidae,Halichondria,49,10,0,47,9,0,0
Haliclona,Porifera,Demospongiae,Haplosclerida,Chalinidae,Haliclona,240,69,0,236,65,0,0
Haliotis cracherodii,Mollusca,Gastropoda,Lepetellida,Haliotidae,Haliotis,44,0,0,44,0,0,0
Haliotis fulgens,Mollusca,Gastropoda,Lepetellida,Haliotidae,Haliotis,25,4,4,25,4,4,4
Haliotis rufescens,Mollusca,Gastropoda,Lepetellida,Haliotidae,Haliotis,94,0,0,94,0,0,0
Jania rosea,Rhodophyta,Florideophyceae,Corallinales,Corallinaceae,Jania,3,0,0,1,0,0,0
Halosaccion glandiforme,Rhodophyta,Florideophyceae,Palmariales,Palmariaceae,Halosaccion,5,0,0,5,0,0,0
Haminoea,Mollusca,Gastropoda,Cephalaspidea,Haminoeidae,Haminoea,325,42,26,312,41,25,25
Haminoea vesicula,Mollusca,Gastropoda,Cephalaspidea,Haminoeidae,Haminoea,22,8,7,17,8,7,7
Haminoea virescens,Mollusca,Gastropoda,Cephalaspidea,Haminoeidae,Haminoea,11,3,3,11,3,3,3
Haplogloia andersonii,Ochrophyta,Phaeophyceae,Ectocarpales,Chordariaceae,Haplogloia,15,1,1,15,1,1,1
Harmothoe imbricata,Annelida,Polychaeta,Phyllodocida,Polynoidae,Harmothoe,143,45,2,138,41,1,1
Saccharina sessilis,Ochrophyta,Phaeophyceae,Laminariales,Laminariaceae,Saccharina,2,0,0,0,0,0,0
Hemigrapsus nudus,Arthropoda,Malacostraca,Decapoda,Varunidae,Hemigrapsus,108,57,0,92,57,0,0
Hemigrapsus oregonensis,Arthropoda,Malacostraca,Decapoda,Varunidae,Hemigrapsus,467,6,4,441,5,4,4
Henricia,Echinodermata,Asteroidea,Spinulosida,Echinasteridae,Henricia,438,10,0,322,7,0,0
Heptacarpus sitchensis,Arthropoda,Malacostraca,Decapoda,Thoridae,Heptacarpus,2,2,0,2,2,0,0
Hermissenda crassicornis,Mollusca,Gastropoda,Nudibranchia,Facelinidae,Hermissenda,55,15,0,52,12,0,0
Herposiphonia,Rhodophyta,Florideophyceae,Ceramiales,Rhodomelaceae,Herposiphonia,8,3,2,5,2,2,2
Herposiphonia plumula,NA,NA,NA,NA,NA,0,0,0,0,0,0,0
Herposiphonia verticillata,Rhodophyta,Florideophyceae,Ceramiales,Rhodomelaceae,Herposiphonia,2,2,2,2,2,2,2
Hesperophycus harveyanus,Ochrophyta,Phaeophyceae,Fucales,Fucaceae,Hesperophycus,1,0,0,0,0,0,0
Heteropora alaskensis,NA,NA,NA,NA,NA,0,0,0,0,0,0,0
Dasysiphonia japonica,Rhodophyta,Florideophyceae,Ceramiales,Delesseriaceae,Dasysiphonia,34,23,0,27,16,0,0
Crassadoma gigantea,Mollusca,Bivalvia,Pectinida,Pectinidae,Crassadoma,1,0,0,1,0,0,0
Primavelans insculpta,Bryozoa,Gymnolaemata,Cheilostomatida,Pacificincolidae,Primavelans,2,1,0,2,1,0,0
Homalopoma,Mollusca,Gastropoda,Trochida,Colloniidae,Homalopoma,65,0,0,45,0,0,0
Hypnea,Rhodophyta,Florideophyceae,Gigartinales,Cystocloniaceae,Hypnea,777,48,0,483,24,0,1
Hypnea valentiae,Rhodophyta,Florideophyceae,Gigartinales,Cystocloniaceae,Hypnea,10,0,0,2,0,0,0
Idotea,Arthropoda,Malacostraca,Isopoda,Idoteidae,Idotea,639,68,2,629,68,2,2
Janolus barbarensis,Mollusca,Gastropoda,Nudibranchia,Proctonotidae,Janolus,6,5,5,6,5,5,5
Jenneria pustulata,Mollusca,Gastropoda,Littorinimorpha,Ovulidae,Jenneria,1,0,0,1,0,0,0
Katharina tunicata,Mollusca,Polyplacophora,Chitonida,Mopaliidae,Katharina,227,82,1,218,81,1,1
Kelletia kelletii,Mollusca,Gastropoda,Neogastropoda,Buccinidae,Kelletia,2,0,0,2,0,0,0
Lacuna,Mollusca,Gastropoda,Littorinimorpha,Littorinidae,Lacuna,68,11,0,55,11,0,0
Limacia cockerelli,Mollusca,Gastropoda,Nudibranchia,Polyceridae,Limacia,5,2,0,5,2,0,0
Laminaria,Ochrophyta,Phaeophyceae,Laminariales,Laminariaceae,Laminaria,191,31,5,163,28,4,4
Laminaria ephemera,Ochrophyta,Phaeophyceae,Laminariales,Laminariaceae,Laminaria,12,2,0,8,1,0,0
Laminaria farlowii,NA,NA,NA,NA,NA,0,0,0,0,0,0,0
Saccharina latissima,Ochrophyta,Phaeophyceae,Laminariales,Laminariaceae,Saccharina,240,28,0,186,20,0,0
Laminaria setchellii,Ochrophyta,Phaeophyceae,Laminariales,Laminariaceae,Laminaria,23,2,2,18,2,2,2
Laminaria sinclairii,Ochrophyta,Phaeophyceae,Laminariales,Laminariaceae,Laminaria,5,3,3,3,2,2,2
Laurencia,Rhodophyta,Florideophyceae,Ceramiales,Rhodomelaceae,Laurencia,193,10,6,66,6,6,6
Osmundea splendens,Rhodophyta,Florideophyceae,Ceramiales,Rhodomelaceae,Osmundea,5,4,4,3,3,3,3
Lepidozona,Mollusca,Polyplacophora,Chitonida,Ischnochitonidae,Lepidozona,137,0,0,137,0,0,0
Leptasterias,Echinodermata,Asteroidea,Forcipulatida,Asteriidae,Leptasterias,267,17,0,253,9,0,0
Leptogorgia chilensis,Cnidaria,Anthozoa,Alcyonacea,Gorgoniidae,Leptogorgia,3,1,0,3,1,0,0
Leptopecten,NA,NA,NA,NA,NA,0,0,0,0,0,0,0
Lessoniopsis littoralis,Ochrophyta,Phaeophyceae,Laminariales,Alariaceae,Lessoniopsis,14,2,2,12,2,2,2
Leucilla nuttingi,NA,NA,NA,NA,NA,0,0,0,0,0,0,0
Leucosolenia eleanor,NA,NA,NA,NA,NA,0,0,0,0,0,0,0
Lirabuccinum dirum,Mollusca,Gastropoda,Neogastropoda,Buccinidae,Lirabuccinum,57,18,0,46,18,0,0
Lirobittium,Mollusca,Gastropoda,NA,Cerithiidae,Lirobittium,9,9,2,8,8,2,2
Leiosolenus plumula,Mollusca,Bivalvia,Mytilida,Mytilidae,Leiosolenus,2,0,0,2,0,0,0
Pomaulax gibberosus,Mollusca,Gastropoda,Trochida,Turbinidae,Pomaulax,32,0,0,16,0,0,0
Lithothrix aspergillum,Rhodophyta,Florideophyceae,Corallinales,Corallinaceae,Lithothrix,4,0,0,2,0,0,0
Littorina,Mollusca,Gastropoda,Littorinimorpha,Littorinidae,Littorina,1615,141,62,1507,113,40,40
Littorina keenae,Mollusca,Gastropoda,Littorinimorpha,Littorinidae,Littorina,24,24,23,19,19,18,18
Lomentaria,Rhodophyta,Florideophyceae,Rhodymeniales,Lomentariaceae,Lomentaria,125,5,0,37,2,0,0
Lomentaria hakodatensis,Rhodophyta,Florideophyceae,Rhodymeniales,Lomentariaceae,Lomentaria,4,0,0,1,0,0,0
Lophopanopeus bellus,Arthropoda,Malacostraca,Decapoda,Panopeidae,Lophopanopeus,106,46,1,78,46,1,1
Lottia,Mollusca,Gastropoda,NA,Lottiidae,Lottia,1821,429,117,1663,400,88,88
Lottia asmi,Mollusca,Gastropoda,NA,Lottiidae,Lottia,5,0,0,0,0,0,0
Lottia fenestrata,NA,NA,NA,NA,NA,0,0,0,0,0,0,0
Lottia gigantea,Mollusca,Gastropoda,NA,Lottiidae,Lottia,105,100,89,87,82,71,71
Discurria insessa,Mollusca,Gastropoda,NA,Lottiidae,Discurria,9,9,9,2,2,2,2
Lottia limatula,Mollusca,Gastropoda,NA,Lottiidae,Lottia,10,10,10,6,6,6,6
Lottia instabilis,Mollusca,Gastropoda,NA,Lottiidae,Lottia,1,0,0,1,0,0,0
Lottia pelta,Mollusca,Gastropoda,NA,Lottiidae,Lottia,81,47,0,58,47,0,0
Lottia persona,Mollusca,Gastropoda,NA,Lottiidae,Lottia,31,5,3,6,4,2,2
Lottia scutum,Mollusca,Gastropoda,NA,Lottiidae,Lottia,80,15,3,42,12,0,0
Loxorhynchus crispatus,Arthropoda,Malacostraca,Decapoda,Epialtidae,Loxorhynchus,3,1,0,3,1,0,0
Lucapinella callomarginata,NA,NA,NA,NA,NA,0,0,0,0,0,0,0
Macrocystis,Ochrophyta,Phaeophyceae,Laminariales,Laminariaceae,Macrocystis,27,1,1,14,1,1,1
Macron lividus,Mollusca,Gastropoda,Neogastropoda,Pseudolividae,Macron,6,5,5,3,2,2,2
Mastocarpus,Rhodophyta,Florideophyceae,Gigartinales,Phyllophoraceae,Mastocarpus,640,113,65,536,65,56,56
Maxwellia gemma,Mollusca,Gastropoda,Neogastropoda,Muricidae,Maxwellia,4,4,4,3,3,3,3
Mazzaella,Rhodophyta,Florideophyceae,Gigartinales,Gigartinaceae,Mazzaella,456,84,71,391,60,59,59
Mazzaella affinis,Rhodophyta,Florideophyceae,Gigartinales,Gigartinaceae,Mazzaella,36,0,0,33,0,0,0
Mazzaella californica,Rhodophyta,Florideophyceae,Gigartinales,Gigartinaceae,Mazzaella,5,2,2,4,1,1,1
Mazzaella linearis,Rhodophyta,Florideophyceae,Gigartinales,Gigartinaceae,Mazzaella,13,13,11,10,10,10,10
Mazzaella oregona,Rhodophyta,Florideophyceae,Gigartinales,Gigartinaceae,Mazzaella,95,0,0,91,0,0,0
Mazzaella parksii,Rhodophyta,Florideophyceae,Gigartinales,Gigartinaceae,Mazzaella,20,0,0,17,0,0,0
Mazzaella volans,Rhodophyta,Florideophyceae,Gigartinales,Gigartinaceae,Mazzaella,7,7,7,6,6,6,6
Megabalanus californicus,Arthropoda,Thecostraca,Sessilia,Balanidae,Megabalanus,1,1,1,0,0,0,0
Megastraea undosa,Mollusca,Gastropoda,Trochida,Turbinidae,Megastraea,10,9,9,10,9,9,9
Melanosiphon intestinalis,Ochrophyta,Phaeophyceae,Ectocarpales,Scytosiphonaceae,Melanosiphon,62,0,0,56,0,0,0
Membranipora,Bryozoa,Gymnolaemata,Cheilostomatida,Membraniporidae,Membranipora,157,76,19,148,75,19,19
Metandrocarpa taylori,Chordata,Ascidiacea,Stolidobranchia,Styelidae,Metandrocarpa,1,1,0,0,0,0,0
Microcladia borealis,Rhodophyta,Florideophyceae,Ceramiales,Ceramiaceae,Microcladia,10,6,0,1,0,0,0
Microcladia coulteri,Rhodophyta,Florideophyceae,Ceramiales,Ceramiaceae,Microcladia,8,3,0,5,0,0,0
Modiolus,Mollusca,Bivalvia,Mytilida,Mytilidae,Modiolus,433,57,0,428,56,0,0
Mopalia,Mollusca,Polyplacophora,Chitonida,Mopaliidae,Mopalia,383,115,59,382,114,59,59
Muricea californica,NA,NA,NA,NA,NA,0,0,0,0,0,0,0
Mytilus,Mollusca,Bivalvia,Mytilida,Mytilidae,Mytilus,3952,333,85,3881,329,81,81
Mytilus californianus,Mollusca,Bivalvia,Mytilida,Mytilidae,Mytilus,488,235,85,476,231,81,81
Navanax inermis,Mollusca,Gastropoda,Cephalaspidea,Aglajidae,Navanax,15,5,4,12,3,2,2
Nemalion helminthoides,Rhodophyta,Florideophyceae,Nemaliales,Liagoraceae,Nemalion,3,0,0,2,0,0,0
Neorhodomela larix,Rhodophyta,Florideophyceae,Ceramiales,Rhodomelaceae,Neorhodomela,31,10,7,27,7,7,7
Neorhodomela oregona,Rhodophyta,Florideophyceae,Ceramiales,Rhodomelaceae,Neorhodomela,2,2,1,1,1,1,1
Nereocystis luetkeana,Ochrophyta,Phaeophyceae,Laminariales,Laminariaceae,Nereocystis,29,1,1,22,1,1,1
Nienburgia andersoniana,Rhodophyta,Florideophyceae,Ceramiales,Delesseriaceae,Nienburgia,7,5,5,3,3,3,3
Norrisia norrisii,Mollusca,Gastropoda,Trochida,Tegulidae,Norrisia,17,13,13,16,12,12,12
Tectura paleacea,Mollusca,Gastropoda,NA,Lottiidae,Tectura,4,4,4,3,3,3,3
Nucella,Mollusca,Gastropoda,Neogastropoda,Muricidae,Nucella,1392,200,30,1302,194,24,24
Nucella canaliculata,Mollusca,Gastropoda,Neogastropoda,Muricidae,Nucella,97,7,0,86,7,0,0
Nucella lamellosa,Mollusca,Gastropoda,Neogastropoda,Muricidae,Nucella,233,2,0,190,2,0,0
Nuttallina,Mollusca,Polyplacophora,Chitonida,Lepidochitonidae,Nuttallina,166,9,9,158,9,9,9
Obelia,Cnidaria,Hydrozoa,Leptothecata,Campanulariidae,Obelia,293,127,90,214,79,53,53
Ocenebra,Mollusca,Gastropoda,Neogastropoda,Muricidae,Ocenebra,58,0,0,51,0,0,0
Ocinebrina interfossa,Mollusca,Gastropoda,Neogastropoda,Muricidae,Ocinebrina,35,0,0,21,0,0,0
Ocinebrina lurida,Mollusca,Gastropoda,Neogastropoda,Muricidae,Ocinebrina,31,0,0,19,0,0,0
Octopus,Mollusca,Cephalopoda,Octopoda,Octopodidae,Octopus,1390,25,3,1364,25,3,3
Odonthalia floccosa,Rhodophyta,Florideophyceae,Ceramiales,Rhodomelaceae,Odonthalia,21,7,4,17,4,4,4
Odonthalia washingtoniensis,Rhodophyta,Florideophyceae,Ceramiales,Rhodomelaceae,Odonthalia,1,1,0,0,0,0,0
Oedignathus inermis,Arthropoda,Malacostraca,Decapoda,Hapalogastridae,Oedignathus,1,1,0,1,1,0,0
Olivella biplicata,Mollusca,Gastropoda,Neogastropoda,Olividae,Olivella,90,59,0,75,59,0,0
Onchidella borealis,Mollusca,Gastropoda,Systellommatophora,Onchidiidae,Onchidella,35,15,0,35,15,0,0
Opalia wroblewskyi,Mollusca,Gastropoda,NA,Epitoniidae,Opalia,2,0,0,1,0,0,0
Opalia funiculata,Mollusca,Gastropoda,NA,Epitoniidae,Opalia,3,3,3,1,1,1,1
Ophionereis annulata,Echinodermata,Ophiuroidea,Amphilepidida,Ophionereididae,Ophionereis,1,0,0,1,0,0,0
Clathria pennata,NA,NA,NA,NA,NA,0,0,0,0,0,0,0
Opuntiella californica,Rhodophyta,Florideophyceae,Gigartinales,Furcellariaceae,Opuntiella,2,2,0,0,0,0,0
Oregonia gracilis,Arthropoda,Malacostraca,Decapoda,Oregoniidae,Oregonia,12,3,0,9,3,0,0
Osmundea,Rhodophyta,Florideophyceae,Ceramiales,Rhodomelaceae,Osmundea,129,21,16,56,15,15,15
Osmundea spectabilis,Rhodophyta,Florideophyceae,Ceramiales,Rhodomelaceae,Osmundea,18,15,12,15,12,12,12
Pachycheles,Arthropoda,Malacostraca,Decapoda,Porcellanidae,Pachycheles,60,12,0,49,12,0,0
Dictyota coriacea,Ochrophyta,Phaeophyceae,Dictyotales,Dictyotaceae,Dictyota,15,0,0,0,0,0,0
Pachygrapsus crassipes,Arthropoda,Malacostraca,Decapoda,Grapsidae,Pachygrapsus,193,40,39,185,40,39,39
Pachythyone rubra,Echinodermata,Holothuroidea,Dendrochirotida,Sclerodactylidae,Pachythyone,1,1,0,1,1,0,0
Padina,Ochrophyta,Phaeophyceae,Dictyotales,Dictyotaceae,Padina,296,2,0,65,1,0,0
Pagurus,Arthropoda,Malacostraca,Decapoda,Paguridae,Pagurus,1241,438,10,1102,434,10,15
Pagurus beringanus,Arthropoda,Malacostraca,Decapoda,Paguridae,Pagurus,2,1,0,2,1,0,0
Pagurus caurinus,Arthropoda,Malacostraca,Decapoda,Paguridae,Pagurus,4,1,0,3,0,0,0
Pagurus granosimanus,Arthropoda,Malacostraca,Decapoda,Paguridae,Pagurus,109,97,0,109,97,0,0
Pagurus hemphilli,NA,NA,NA,NA,NA,0,0,0,0,0,0,0
Pagurus hirsutiusculus,Arthropoda,Malacostraca,Decapoda,Paguridae,Pagurus,161,106,0,160,105,0,0
Pagurus samuelis,Arthropoda,Malacostraca,Decapoda,Paguridae,Pagurus,129,120,9,129,120,9,9
Palmaria hecatensis,Rhodophyta,Florideophyceae,Palmariales,Palmariaceae,Palmaria,26,0,0,18,0,0,0
Devaleraea mollis,Rhodophyta,Florideophyceae,Palmariales,Palmariaceae,Devaleraea,92,5,0,77,2,0,0
Panulirus interruptus,Arthropoda,Malacostraca,Decapoda,Palinuridae,Panulirus,242,1,0,242,1,0,0
Paranemertes peregrina,Nemertea,Hoplonemertea,Monostilifera,Emplectonematidae,Paranemertes,104,13,0,104,13,0,0
Paraxanthias taylori,Arthropoda,Malacostraca,Decapoda,Xanthidae,Paraxanthias,9,2,2,9,2,2,2
Patiria miniata,Echinodermata,Asteroidea,Valvatida,Asterinidae,Patiria,39,19,18,37,19,18,18
Pelia tumida,Arthropoda,Malacostraca,Decapoda,Epialtidae,Pelia,5,1,1,5,1,1,1
Pelvetiopsis,Ochrophyta,Phaeophyceae,Fucales,Fucaceae,Pelvetiopsis,10,4,4,8,3,3,3
Penitella,NA,NA,NA,NA,NA,0,0,0,0,0,0,0
Perophora annectens,Chordata,Ascidiacea,Phlebobranchia,Perophoridae,Perophora,2,2,0,2,2,0,0
Petalonia fascia,Ochrophyta,Phaeophyceae,Ectocarpales,Scytosiphonaceae,Petalonia,177,45,0,140,40,0,0
Petrolisthes,Arthropoda,Malacostraca,Decapoda,Porcellanidae,Petrolisthes,1155,236,9,1119,235,8,8
Petrospongium rugosum,Ochrophyta,Phaeophyceae,Ectocarpales,Chordariaceae,Petrospongium,6,2,2,1,1,1,1
Phaeostrophion irregulare,Ochrophyta,Phaeophyceae,Sphacelariales,Phaeostrophiaceae,Phaeostrophion,1,0,0,0,0,0,0
Phycodrys riggii,Rhodophyta,Florideophyceae,Ceramiales,Delesseriaceae,Phycodrys,7,0,0,4,0,0,0
Phycodrys setchellii,Rhodophyta,Florideophyceae,Ceramiales,Delesseriaceae,Phycodrys,2,2,2,1,1,1,1
Phyllospadix scouleri,Magnoliophyta,Liliopsida,Alismatales,Zosteraceae,Phyllospadix,14,3,2,0,0,0,0
Phyllospadix torreyi,Magnoliophyta,Liliopsida,Alismatales,Zosteraceae,Phyllospadix,11,7,5,0,0,0,0
Pylaiella littoralis,Ochrophyta,Phaeophyceae,Ectocarpales,Acinetosporaceae,Pylaiella,54,4,0,52,4,0,0
Pilumnus spinohirsutus,Arthropoda,Malacostraca,Decapoda,Pilumnidae,Pilumnus,6,0,0,6,0,0,0
Pisaster brevispinus,Echinodermata,Asteroidea,Forcipulatida,Asteriidae,Pisaster,7,0,0,6,0,0,0
Pisaster giganteus,Echinodermata,Asteroidea,Forcipulatida,Asteriidae,Pisaster,4,3,3,4,3,3,3
Pisaster ochraceus,Echinodermata,Asteroidea,Forcipulatida,Asteriidae,Pisaster,430,2,2,421,2,2,2
Pista,Annelida,Polychaeta,Terebellida,Terebellidae,Pista,177,15,5,164,13,3,3
Placiphorella velata,Mollusca,Polyplacophora,Chitonida,Mopaliidae,Placiphorella,4,3,3,4,3,3,3
Pleonosporium,Rhodophyta,Florideophyceae,Ceramiales,Wrangeliaceae,Pleonosporium,17,6,0,3,0,0,0
Plocamium oregonum,Rhodophyta,Florideophyceae,Plocamiales,Plocamiaceae,Plocamium,2,2,0,1,1,0,0
Plocamium pacificum,Rhodophyta,Florideophyceae,Plocamiales,Plocamiaceae,Plocamium,33,16,11,29,13,11,11
Plocamium violaceum,Rhodophyta,Florideophyceae,Plocamiales,Plocamiaceae,Plocamium,11,11,11,9,9,9,9
Pododesmus macrochisma,Mollusca,Bivalvia,Pectinida,Anomiidae,Pododesmus,8,3,0,7,2,0,0
Pollicipes polymerus,Arthropoda,Thecostraca,Pollicipedomorpha,Pollicipedidae,Pollicipes,790,181,62,770,181,62,62
Polyneura latissima,Rhodophyta,Florideophyceae,Ceramiales,Delesseriaceae,Polyneura,17,13,13,16,13,13,13
Polysiphonia,Rhodophyta,Florideophyceae,Ceramiales,Rhodomelaceae,Polysiphonia,373,117,24,193,79,22,22
Porphyra,Rhodophyta,Bangiophyceae,Bangiales,Bangiaceae,Porphyra,919,181,5,232,9,1,1
Postelsia palmaeformis,Ochrophyta,Phaeophyceae,Laminariales,Lessoniaceae,Postelsia,8,1,1,6,1,1,1
Prionitis,Rhodophyta,Florideophyceae,Halymeniales,Halymeniaceae,Prionitis,113,62,55,50,43,42,42
Prionitis filiformis,Rhodophyta,Florideophyceae,Halymeniales,Halymeniaceae,Prionitis,17,9,9,13,8,8,8
Prionitis lanceolata,Rhodophyta,Florideophyceae,Halymeniales,Halymeniaceae,Prionitis,10,9,9,9,8,8,8
Prionitis lyallii,Rhodophyta,Florideophyceae,Halymeniales,Halymeniaceae,Prionitis,1,0,0,0,0,0,0
Pseudochama exogyra,NA,NA,NA,NA,NA,0,0,0,0,0,0,0
Pterocladiella caloglossoides,Rhodophyta,Florideophyceae,Gelidiales,Pterocladiaceae,Pterocladiella,1,0,0,0,0,0,0
Pterocladiella capillacea,Rhodophyta,Florideophyceae,Gelidiales,Pterocladiaceae,Pterocladiella,40,0,0,1,0,0,0
Pteropurpura trialata,Mollusca,Gastropoda,Neogastropoda,Muricidae,Pteropurpura,3,3,3,3,3,3,3
Pterosiphonia,Rhodophyta,Florideophyceae,Ceramiales,Rhodomelaceae,Pterosiphonia,31,4,0,3,0,0,0
Pterosiphonia bipinnata,Rhodophyta,Florideophyceae,Ceramiales,Rhodomelaceae,Pterosiphonia,1,1,0,0,0,0,0
Pterothamnion,Rhodophyta,Florideophyceae,Ceramiales,Ceramiaceae,Pterothamnion,42,10,7,33,7,7,7
Pterygophora californica,Ochrophyta,Phaeophyceae,Laminariales,Alariaceae,Pterygophora,27,4,0,18,2,0,0
Pugettia,Arthropoda,Malacostraca,Decapoda,Epialtidae,Pugettia,158,36,3,116,36,3,3
Pugettia producta,Arthropoda,Malacostraca,Decapoda,Epialtidae,Pugettia,16,2,1,11,2,1,1
Pycnoclavella stanleyi,NA,NA,NA,NA,NA,0,0,0,0,0,0,0
Pycnopodia helianthoides,Echinodermata,Asteroidea,Forcipulatida,Asteriidae,Pycnopodia,92,78,0,91,78,0,0
Pyura haustor,Chordata,Ascidiacea,Stolidobranchia,Pyuridae,Pyura,3,3,0,3,3,0,0
Rhodymenia californica,Rhodophyta,Florideophyceae,Rhodymeniales,Rhodymeniaceae,Rhodymenia,39,11,11,35,8,8,8
Rhodymenia pacifica,Rhodophyta,Florideophyceae,Rhodymeniales,Rhodymeniaceae,Rhodymenia,15,10,10,12,7,7,7
Rictaxis punctocaelatus,Mollusca,Gastropoda,Gastropoda_order_incertae_sedis,Acteonidae,Rictaxis,2,2,2,2,2,2,2
Ritterella,NA,NA,NA,NA,NA,0,0,0,0,0,0,0
Ritterella rubra,NA,NA,NA,NA,NA,0,0,0,0,0,0,0
Roperia poulsoni,Mollusca,Gastropoda,Neogastropoda,Muricidae,Roperia,34,33,30,16,15,12,12
Rostanga pulchra,Mollusca,Gastropoda,Nudibranchia,Discodorididae,Rostanga,10,5,2,10,5,2,2
Salmacina tribranchiata,NA,NA,NA,NA,NA,0,0,0,0,0,0,0
Sarcodiotheca gaudichaudii,Rhodophyta,Florideophyceae,Gigartinales,Solieriaceae,Sarcodiotheca,4,3,0,0,0,0,0
Sargassum agardhianum,Ochrophyta,Phaeophyceae,Fucales,Sargassaceae,Sargassum,1,0,0,0,0,0,0
Sargassum muticum,Ochrophyta,Phaeophyceae,Fucales,Sargassaceae,Sargassum,25,1,1,21,1,1,1
Sargassum palmeri,Ochrophyta,Phaeophyceae,Fucales,Sargassaceae,Sargassum,1,0,0,0,0,0,0
Schizoplax brandtii,Mollusca,Polyplacophora,Chitonida,Schizoplacidae,Schizoplax,20,17,0,20,17,0,0
Scinaia,Rhodophyta,Florideophyceae,Nemaliales,Scinaiaceae,Scinaia,39,2,2,32,1,1,1
Scinaia confusa,Rhodophyta,Florideophyceae,Nemaliales,Scinaiaceae,Scinaia,30,2,2,27,1,1,1
Scytosiphon,Ochrophyta,Phaeophyceae,Ectocarpales,Scytosiphonaceae,Scytosiphon,694,78,5,492,50,5,5
Eurydema sea,NA,NA,NA,NA,NA,0,0,0,0,0,0,0
Seila montereyensis,NA,NA,NA,NA,NA,0,0,0,0,0,0,0
Semibalanus cariosus,Arthropoda,Thecostraca,Sessilia,Archaeobalanidae,Semibalanus,381,38,1,381,38,1,1
Thylacodes squamigerus,Mollusca,Gastropoda,Littorinimorpha,Vermetidae,Thylacodes,21,7,7,12,6,6,6
Silvetia,Ochrophyta,Phaeophyceae,Fucales,Fucaceae,Silvetia,11,2,2,2,1,1,1
Siphonaria brannani,Mollusca,Gastropoda,Siphonariida,Siphonariidae,Siphonaria,1,1,0,1,1,0,0
Siphonaria thersites,Mollusca,Gastropoda,Siphonariida,Siphonariidae,Siphonaria,12,10,0,11,10,0,0
Soranthera ulvoidea,Ochrophyta,Phaeophyceae,Ectocarpales,Punctariaceae,Soranthera,13,1,0,9,0,0,0
Sparlingia pertusa,Rhodophyta,Florideophyceae,Rhodymeniales,Rhodymeniaceae,Sparlingia,53,7,0,24,1,0,0
Sphacelaria californica,Ochrophyta,Phaeophyceae,Sphacelariales,Sphacelariaceae,Sphacelaria,1,0,0,0,0,0,0
Spheciospongia confoederata,NA,NA,NA,NA,NA,0,0,0,0,0,0,0
Spirorbis,Annelida,Polychaeta,Sabellida,Spirorbidae,Spirorbis,18,3,1,8,2,0,0
Spyridia filamentosa,Rhodophyta,Florideophyceae,Ceramiales,Spyridiaceae,Spyridia,10,0,0,1,0,0,0
Stenogramma interruptum,Rhodophyta,Florideophyceae,Gigartinales,Phyllophoraceae,Stenogramma,2,0,0,0,0,0,0
Stenoplax conspicua,Mollusca,Polyplacophora,Chitonida,Ischnochitonidae,Stenoplax,27,1,1,27,1,1,1
Mesocentrotus franciscanus,Echinodermata,Echinoidea,Camarodonta,Strongylocentrotidae,Mesocentrotus,112,78,2,103,78,2,2
Strongylocentrotus purpuratus,Echinodermata,Echinoidea,Camarodonta,Strongylocentrotidae,Strongylocentrotus,40,14,12,30,13,11,11
Styela montereyensis,Chordata,Ascidiacea,Stolidobranchia,Styelidae,Styela,2,0,0,2,0,0,0
Styela yakutatensis,Chordata,Ascidiacea,Stolidobranchia,Styelidae,Styela,3,3,0,0,0,0,0
Suberites,Porifera,Demospongiae,Suberitida,Suberitidae,Suberites,96,2,0,79,2,0,0
Suberites ficus,Porifera,Demospongiae,Suberitida,Suberitidae,Suberites,2,1,0,2,1,0,0
Taliepus nuttallii,Arthropoda,Malacostraca,Decapoda,Epialtidae,Taliepus,4,0,0,4,0,0,0
Tegula,Mollusca,Gastropoda,Trochida,Tegulidae,Tegula,353,188,56,306,181,49,49
Tegula aureotincta,Mollusca,Gastropoda,Trochida,Tegulidae,Tegula,8,7,7,8,7,7,7
Tegula eiseni,Mollusca,Gastropoda,Trochida,Tegulidae,Tegula,10,6,6,10,6,6,6
Tegula funebralis,Mollusca,Gastropoda,Trochida,Tegulidae,Tegula,199,148,18,174,144,14,14
Tegula gallina,Mollusca,Gastropoda,Trochida,Tegulidae,Tegula,25,25,25,22,22,22,22
Tegula pulligo,Mollusca,Gastropoda,Trochida,Tegulidae,Tegula,30,0,0,19,0,0,0
Terebellides,Annelida,Polychaeta,Terebellida,Trichobranchidae,Terebellides,566,19,4,532,17,2,2
Tetraclita rubescens,Arthropoda,Thecostraca,Sessilia,Tetraclitidae,Tetraclita,801,61,48,784,45,32,32
Stramonita biserialis,Mollusca,Gastropoda,Neogastropoda,Muricidae,Stramonita,30,0,0,30,0,0,0
Thalamoporella,Bryozoa,Gymnolaemata,Cheilostomatida,Thalamoporellidae,Thalamoporella,11,2,0,10,2,0,0
Thelepus crispus,Annelida,Polychaeta,Terebellida,Terebellidae,Thelepus,16,1,0,15,1,0,0
Tonicella,Mollusca,Polyplacophora,Chitonida,Tonicellidae,Tonicella,189,29,0,189,29,0,0
Tricellaria occidentalis,Bryozoa,Gymnolaemata,Cheilostomatida,Candidae,Tricellaria,1,0,0,1,0,0,0
Eulithidium pulloides,NA,NA,NA,NA,NA,0,0,0,0,0,0,0
Trimusculus reticulatus,Mollusca,Gastropoda,Ellobiida,Trimusculidae,Trimusculus,13,0,0,5,0,0,0
Triopha catalinae,Mollusca,Gastropoda,Nudibranchia,Polyceridae,Triopha,23,14,1,23,14,1,1
Trivia,Mollusca,Gastropoda,Littorinimorpha,Triviidae,Trivia,15,2,0,12,2,0,0
Pseudopusula californiana,Mollusca,Gastropoda,Littorinimorpha,Triviidae,Pseudopusula,1,1,1,1,1,1,1
Pusula solandri,Mollusca,Gastropoda,Littorinimorpha,Triviidae,Pusula,6,5,5,3,2,2,2
Ectopleura marina,Cnidaria,Hydrozoa,Anthoathecata,Tubulariidae,Ectopleura,4,1,0,4,1,0,0
Ulva,Chlorophyta,Ulvophyceae,Ulvales,Ulvaceae,Ulva,2242,315,50,0,0,0,0
Ulva taeniata,Chlorophyta,Ulvophyceae,Ulvales,Ulvaceae,Ulva,10,0,0,0,0,0,0
Urosalpinx cinerea,Mollusca,Gastropoda,Neogastropoda,Muricidae,Urosalpinx,26,10,0,26,10,0,0
Urticina crassicornis,Cnidaria,Anthozoa,Actiniaria,Actiniidae,Urticina,51,3,0,25,3,0,0
Velutina,Mollusca,Gastropoda,Littorinimorpha,Velutinidae,Velutina,23,4,0,19,4,0,0
Velutina velutina,Mollusca,Gastropoda,Littorinimorpha,Velutinidae,Velutina,19,2,0,16,2,0,0
Volvarina taeniolata,Mollusca,Gastropoda,Neogastropoda,Marginellidae,Volvarina,10,10,10,2,2,2,2
Williamia peltoides,Mollusca,Gastropoda,Siphonariida,Siphonariidae,Williamia,1,1,0,1,1,0,0
Zostera,Magnoliophyta,Liliopsida,Alismatales,Zosteraceae,Zostera,164,13,3,0,0,0,0
