"","FinalID","tax_rank","phylum","class","order","family","genus","BOLD_Records","BOLD_Records_USA","BOLD_Records_CA","BOLD_Records_SW","BOLD_Records_COI","BOLD_Records_COI_USA","BOLD_Records_COI_CA","BOLD_Records_COI_SW"
"1","Abronia maritima","species","Magnoliophyta","Magnoliopsida","Caryophyllales","Nyctaginaceae","Abronia",3,3,3,3,0,0,0,0
"2","Abronia villosa","species","Magnoliophyta","Magnoliopsida","Caryophyllales","Nyctaginaceae","Abronia",7,6,6,6,0,0,0,0
"3","Acmispon glaber","species","Magnoliophyta","Magnoliopsida","Fabales","Fabaceae","Acmispon",18,6,6,6,0,0,0,0
"4","Aconitum columbianum","species","Magnoliophyta","Magnoliopsida","Ranunculales","Ranunculaceae","Aconitum",8,1,0,0,0,0,0,0
"5","Agarophyton vermiculophyllum","species","Rhodophyta","Florideophyceae","Gracilariales","Gracilariaceae","Agarophyton",74,40,0,0,74,40,0,0
"6","Agrostis gigantea","species","Magnoliophyta","Liliopsida","Poales","Poaceae","Agrostis",62,6,0,0,0,0,0,0
"7","Alaria marginata","species","Ochrophyta","Phaeophyceae","Laminariales","Alariaceae","Alaria",36,3,3,3,30,2,2,2
"8","Alisma lanceolatum","species","Magnoliophyta","Liliopsida","Alismatales","Alismataceae","Alisma",19,0,0,0,0,0,0,0
"9","Alnus rubra","species","Magnoliophyta","Magnoliopsida","Fagales","Betulaceae","Alnus",19,3,0,0,0,0,0,0
"10","Alnus alnobetula","species","Magnoliophyta","Magnoliopsida","Fagales","Betulaceae","Alnus",8,0,0,0,0,0,0,0
"11","Alternanthera philoxeroides","species","Magnoliophyta","Magnoliopsida","Caryophyllales","Amaranthaceae","Alternanthera",25,16,0,3,0,0,0,0
"12","Ambrosia chamissonis","species","Magnoliophyta","Magnoliopsida","Asterales","Asteraceae","Ambrosia",11,4,4,4,0,0,0,0
"13","Ammophila arenaria","species","Magnoliophyta","Liliopsida","Poales","Poaceae","Ammophila",36,0,0,0,0,0,0,0
"14","Artemisia frigida","species","Magnoliophyta","Magnoliopsida","Asterales","Asteraceae","Artemisia",23,6,0,0,0,0,0,0
"15","Arthroceras subterminale","species","Magnoliophyta","Magnoliopsida","Caryophyllales","Chenopodiaceae","Arthroceras",3,2,0,0,0,0,0,0
"16","Arundo donax","species","Magnoliophyta","Liliopsida","Poales","Poaceae","Arundo",30,3,3,3,0,0,0,0
"17","Atriplex lentiformis","species","Magnoliophyta","Magnoliopsida","Caryophyllales","Chenopodiaceae","Atriplex",6,4,3,3,0,0,0,0
"18","Atriplex patula","species","Magnoliophyta","Magnoliopsida","Caryophyllales","Chenopodiaceae","Atriplex",43,2,2,2,0,0,0,0
"19","Atriplex prostrata","species","Magnoliophyta","Magnoliopsida","Caryophyllales","Chenopodiaceae","Atriplex",36,4,4,4,0,0,0,0
"20","Atriplex semibaccata","species","Magnoliophyta","Magnoliopsida","Caryophyllales","Chenopodiaceae","Atriplex",11,4,4,4,0,0,0,0
"21","Atriplex watsonii","species","Magnoliophyta","Magnoliopsida","Caryophyllales","Chenopodiaceae","Atriplex",4,3,3,3,0,0,0,0
"22","Baccharis salicifolia","species","Magnoliophyta","Magnoliopsida","Asterales","Asteraceae","Baccharis",4,3,3,3,0,0,0,0
"23","Baccharis pilularis","species","Magnoliophyta","Magnoliopsida","Asterales","Asteraceae","Baccharis",4,4,3,3,0,0,0,0
"24","Batis maritima","species","Magnoliophyta","Magnoliopsida","Brassicales","Bataceae","Batis",7,3,3,3,2,0,0,0
"25","Bolboschoenus maritimus","species","Magnoliophyta","Liliopsida","Poales","Cyperaceae","Bolboschoenus",40,5,3,3,0,0,0,0
"26","Bolboschoenus robustus","species","Magnoliophyta","Liliopsida","Poales","Cyperaceae","Bolboschoenus",1,1,0,0,0,0,0,0
"27","Brassica nigra","species","Magnoliophyta","Magnoliopsida","Brassicales","Brassicaceae","Brassica",38,3,3,3,1,0,0,0
"28","Bromus diandrus","species","Magnoliophyta","Liliopsida","Poales","Poaceae","Bromus",31,4,4,4,0,0,0,0
"29","Bromus rubens","species","Magnoliophyta","Liliopsida","Poales","Poaceae","Bromus",4,0,0,0,0,0,0,0
"30","Bryopsis hypnoides","species","Chlorophyta","Ulvophyceae","Bryopsidales","Bryopsidaceae","Bryopsis",3,0,0,0,0,0,0,0
"31","Cakile maritima","species","Magnoliophyta","Magnoliopsida","Brassicales","Brassicaceae","Cakile",28,1,1,1,0,0,0,0
"32","Calystegia sepium","species","Magnoliophyta","Magnoliopsida","Solanales","Convolvulaceae","Calystegia",43,0,0,0,0,0,0,0
"33","Carduus pycnocephalus","species","Magnoliophyta","Magnoliopsida","Asterales","Asteraceae","Carduus",7,3,3,3,0,0,0,0
"34","Carex arenaria","species","Magnoliophyta","Liliopsida","Poales","Cyperaceae","Carex",44,0,0,0,0,0,0,0
"35","Carex barbarae","species","Magnoliophyta","Liliopsida","Poales","Cyperaceae","Carex",5,2,2,2,0,0,0,0
"36","Carex obnupta","species","Magnoliophyta","Liliopsida","Poales","Cyperaceae","Carex",11,1,0,0,0,0,0,0
"37","Carpobrotus edulis","species","Magnoliophyta","Magnoliopsida","Caryophyllales","Aizoaceae","Carpobrotus",7,2,2,2,0,0,0,0
"38","Castilleja ambigua","species","Magnoliophyta","Magnoliopsida","Lamiales","Orobanchaceae","Castilleja",4,2,0,0,0,0,0,0
"39","Chloropyron maritimum","species","Magnoliophyta","Magnoliopsida","Lamiales","Orobanchaceae","Chloropyron",3,2,1,1,0,0,0,0
"40","Cicuta maculata","species","Magnoliophyta","Magnoliopsida","Apiales","Apiaceae","Cicuta",54,4,4,4,0,0,0,0
"41","Codium fragile","species","Chlorophyta","Ulvophyceae","Bryopsidales","Codiaceae","Codium",13,2,1,1,2,0,0,0
"42","Cressa truxillensis","species","Magnoliophyta","Magnoliopsida","Solanales","Convolvulaceae","Cressa",5,4,3,3,0,0,0,0
"43","Cuscuta californica","species","Magnoliophyta","Magnoliopsida","Solanales","Convolvulaceae","Cuscuta",12,5,5,5,0,0,0,0
"44","Cuscuta salina","species","Magnoliophyta","Magnoliopsida","Solanales","Convolvulaceae","Cuscuta",11,2,2,2,0,0,0,0
"45","Deschampsia cespitosa","species","Magnoliophyta","Liliopsida","Poales","Poaceae","Deschampsia",242,2,0,0,0,0,0,0
"46","Distichlis littoralis","species","Magnoliophyta","Liliopsida","Poales","Poaceae","Distichlis",9,4,4,4,0,0,0,0
"47","Distichlis spicata","species","Magnoliophyta","Liliopsida","Poales","Poaceae","Distichlis",39,4,3,3,0,0,0,0
"48","Downingia pulchella","species","Magnoliophyta","Magnoliopsida","Asterales","Campanulaceae","Downingia",3,0,0,0,0,0,0,0
"49","Eleocharis coloradoensis","species","Magnoliophyta","Liliopsida","Poales","Cyperaceae","Eleocharis",4,2,2,2,0,0,0,0
"50","Eleocharis pachycarpa","species","Magnoliophyta","Liliopsida","Poales","Cyperaceae","Eleocharis",2,0,0,0,0,0,0,0
"51","Eleocharis parvula","species","Magnoliophyta","Liliopsida","Poales","Cyperaceae","Eleocharis",18,0,0,0,0,0,0,0
"52","Leymus triticoides","species","Magnoliophyta","Liliopsida","Poales","Poaceae","Leymus",6,0,0,0,0,0,0,0
"53","Epipactis gigantea","species","Magnoliophyta","Liliopsida","Asparagales","Orchidaceae","Epipactis",13,7,6,6,0,0,0,0
"54","Equisetum arvense","species","Pteridophyta","Pteridopsida","Equisetales","Equisetaceae","Equisetum",72,6,1,1,0,0,0,0
"55","Equisetum hyemale","species","Pteridophyta","Pteridopsida","Equisetales","Equisetaceae","Equisetum",56,4,1,1,0,0,0,0
"56","Equisetum palustre","species","Pteridophyta","Pteridopsida","Equisetales","Equisetaceae","Equisetum",15,0,0,0,0,0,0,0
"57","Equisetum telmateia","species","Pteridophyta","Pteridopsida","Equisetales","Equisetaceae","Equisetum",9,1,1,1,0,0,0,0
"58","Erigeron canadensis","species","Magnoliophyta","Magnoliopsida","Asterales","Asteraceae","Erigeron",18,4,3,3,0,0,0,0
"59","Eryngium aristulatum","species","Magnoliophyta","Magnoliopsida","Apiales","Apiaceae","Eryngium",2,2,2,2,0,0,0,0
"60","Euthamia occidentalis","species","Magnoliophyta","Magnoliopsida","Asterales","Asteraceae","Euthamia",13,12,11,11,0,0,0,0
"61","Extriplex californica","species","Magnoliophyta","Magnoliopsida","Caryophyllales","Chenopodiaceae","Extriplex",9,5,4,4,0,0,0,0
"62","Frankenia palmeri","species","Magnoliophyta","Magnoliopsida","Caryophyllales","Frankeniaceae","Frankenia",4,4,4,4,0,0,0,0
"63","Frankenia salina","species","Magnoliophyta","Magnoliopsida","Caryophyllales","Frankeniaceae","Frankenia",5,5,4,4,0,0,0,0
"64","Fucus distichus","species","Ochrophyta","Phaeophyceae","Fucales","Fucaceae","Fucus",170,28,1,1,125,28,1,1
"65","Geranium dissectum","species","Magnoliophyta","Magnoliopsida","Geraniales","Geraniaceae","Geranium",33,3,3,3,0,0,0,0
"66","Gracilaria pacifica","species","Rhodophyta","Florideophyceae","Gracilariales","Gracilariaceae","Gracilaria",35,6,2,2,31,4,2,2
"67","Gracilaria salicornia","species","Rhodophyta","Florideophyceae","Gracilariales","Gracilariaceae","Gracilaria",69,2,0,0,61,2,0,0
"68","Grateloupia turuturu","species","Rhodophyta","Florideophyceae","Halymeniales","Halymeniaceae","Grateloupia",38,6,0,0,5,0,0,0
"69","Grindelia camporum","species","Magnoliophyta","Magnoliopsida","Asterales","Asteraceae","Grindelia",4,1,1,1,0,0,0,0
"70","Hainardia cylindrica","species","Magnoliophyta","Liliopsida","Poales","Poaceae","Hainardia",9,3,3,3,0,0,0,0
"71","Helenium autumnale","species","Magnoliophyta","Magnoliopsida","Asterales","Asteraceae","Helenium",8,3,0,0,0,0,0,0
"72","Heliotropium curassavicum","species","Magnoliophyta","Magnoliopsida","Boraginales","Boraginaceae","Heliotropium",24,3,3,3,0,0,0,0
"73","Hesperocyparis macrocarpa","species","Pinophyta","Pinopsida","Pinales","Cupressaceae","Hesperocyparis",11,0,0,0,2,0,0,0
"74","Heterotheca grandiflora","species","Magnoliophyta","Magnoliopsida","Asterales","Asteraceae","Heterotheca",3,3,3,3,0,0,0,0
"75","Hydrilla verticillata","species","Magnoliophyta","Liliopsida","Alismatales","Hydrocharitaceae","Hydrilla",21,5,2,2,0,0,0,0
"76","Hypericum anagalloides","species","Magnoliophyta","Magnoliopsida","Malpighiales","Hypericaceae","Hypericum",5,2,2,2,0,0,0,0
"77","Isocoma menziesii","species","Magnoliophyta","Magnoliopsida","Asterales","Asteraceae","Isocoma",13,11,11,11,0,0,0,0
"78","Isolepis carinata","species","Magnoliophyta","Liliopsida","Poales","Cyperaceae","Isolepis",1,0,0,0,0,0,0,0
"79","Isolepis cernua","species","Magnoliophyta","Liliopsida","Poales","Cyperaceae","Isolepis",22,4,4,4,0,0,0,0
"80","Iva axillaris","species","Magnoliophyta","Magnoliopsida","Asterales","Asteraceae","Iva",8,5,3,3,1,0,0,0
"81","Jaumea carnosa","species","Magnoliophyta","Magnoliopsida","Asterales","Asteraceae","Jaumea",12,4,4,4,0,0,0,0
"82","Juncus acutus","species","Magnoliophyta","Liliopsida","Poales","Juncaceae","Juncus",18,4,4,4,0,0,0,0
"83","Juncus balticus","species","Magnoliophyta","Liliopsida","Poales","Juncaceae","Juncus",47,5,4,4,0,0,0,0
"84","Juncus breweri","species","Magnoliophyta","Liliopsida","Poales","Juncaceae","Juncus",2,0,0,0,0,0,0,0
"85","Juncus xiphioides","species","Magnoliophyta","Liliopsida","Poales","Juncaceae","Juncus",5,4,4,4,0,0,0,0
"86","Laminaria setchellii","species","Ochrophyta","Phaeophyceae","Laminariales","Laminariaceae","Laminaria",23,2,2,2,18,2,2,2
"87","Lasthenia glabrata","species","Magnoliophyta","Magnoliopsida","Asterales","Asteraceae","Lasthenia",8,3,3,3,0,0,0,0
"88","Lepidium latifolium","species","Magnoliophyta","Magnoliopsida","Brassicales","Brassicaceae","Lepidium",41,2,2,2,0,0,0,0
"89","Lepidium oxycarpum","species","Magnoliophyta","Magnoliopsida","Brassicales","Brassicaceae","Lepidium",1,1,0,0,0,0,0,0
"90","Lilaeopsis occidentalis","species","Magnoliophyta","Magnoliopsida","Apiales","Apiaceae","Lilaeopsis",8,1,0,0,0,0,0,0
"91","Limonium californicum","species","Magnoliophyta","Magnoliopsida","Caryophyllales","Plumbaginaceae","Limonium",5,4,4,4,0,0,0,0
"92","Limonium ramosissimum","species","Magnoliophyta","Magnoliopsida","Caryophyllales","Plumbaginaceae","Limonium",3,3,3,3,0,0,0,0
"93","Limonium sinuatum","species","Magnoliophyta","Magnoliopsida","Caryophyllales","Plumbaginaceae","Limonium",7,5,5,5,0,0,0,0
"94","Lolium multiflorum","species","Magnoliophyta","Liliopsida","Poales","Poaceae","Lolium",54,0,0,0,0,0,0,0
"95","Lotus corniculatus","species","Magnoliophyta","Magnoliopsida","Fabales","Fabaceae","Lotus",106,6,2,2,1,0,0,0
"96","Lupinus arboreus","species","Magnoliophyta","Magnoliopsida","Fabales","Fabaceae","Lupinus",11,6,2,2,0,0,0,0
"97","Lycopodium clavatum","species","Lycopodiophyta","Lycopodiopsida","Lycopodiales","Lycopodiaceae","Lycopodium",27,6,0,0,0,0,0,0
"98","Anagallis arvensis","species","Magnoliophyta","Magnoliopsida","Ericales","Myrsinaceae","Anagallis",52,5,3,3,0,0,0,0
"99","Glaux maritima","species","Magnoliophyta","Magnoliopsida","Ericales","Primulaceae","Glaux",24,2,0,0,0,0,0,0
"100","Macrocystis pyrifera","species","Ochrophyta","Phaeophyceae","Laminariales","Laminariaceae","Macrocystis",25,1,1,1,14,1,1,1
"101","Mastocarpus papillatus","species","Rhodophyta","Florideophyceae","Gigartinales","Phyllophoraceae","Mastocarpus",66,9,2,2,55,2,2,2
"102","Nereocystis luetkeana","species","Ochrophyta","Phaeophyceae","Laminariales","Laminariaceae","Nereocystis",29,1,1,1,22,1,1,1
"103","Parapholis incurva","species","Magnoliophyta","Liliopsida","Poales","Poaceae","Parapholis",23,6,4,4,0,0,0,0
"104","Paspalum distichum","species","Magnoliophyta","Liliopsida","Poales","Poaceae","Paspalum",42,11,6,6,0,0,0,0
"105","Persicaria amphibia","species","Magnoliophyta","Magnoliopsida","Caryophyllales","Polygonaceae","Persicaria",43,4,4,4,0,0,0,0
"106","Phragmites australis","species","Magnoliophyta","Liliopsida","Poales","Poaceae","Phragmites",111,14,6,6,0,0,0,0
"107","Plantago coronopus","species","Magnoliophyta","Magnoliopsida","Lamiales","Plantaginaceae","Plantago",37,4,4,4,0,0,0,0
"108","Plantago maritima","species","Magnoliophyta","Magnoliopsida","Lamiales","Plantaginaceae","Plantago",54,1,0,0,0,0,0,0
"109","Pluchea odorata","species","Magnoliophyta","Magnoliopsida","Asterales","Asteraceae","Pluchea",4,4,2,2,0,0,0,0
"110","Polygonum fowleri","species","Magnoliophyta","Magnoliopsida","Caryophyllales","Polygonaceae","Polygonum",6,2,0,0,0,0,0,0
"111","Polypodium glycyrrhiza","species","Pteridophyta","Polypodiopsida","Polypodiales","Polypodiaceae","Polypodium",10,2,0,0,0,0,0,0
"112","Polypogon elongatus","species","Magnoliophyta","Liliopsida","Poales","Poaceae","Polypogon",1,0,0,0,0,0,0,0
"113","Polypogon monspeliensis","species","Magnoliophyta","Liliopsida","Poales","Poaceae","Polypogon",34,13,3,3,0,0,0,0
"114","Populus fremontii","species","Magnoliophyta","Magnoliopsida","Malpighiales","Salicaceae","Populus",7,3,3,3,0,0,0,0
"115","Postelsia palmaeformis","species","Ochrophyta","Phaeophyceae","Laminariales","Lessoniaceae","Postelsia",8,1,1,1,6,1,1,1
"116","Potentilla anserina","species","Magnoliophyta","Magnoliopsida","Rosales","Rosaceae","Potentilla",73,8,2,2,0,0,0,0
"117","Puccinellia nutkaensis","species","Magnoliophyta","Liliopsida","Poales","Poaceae","Puccinellia",18,0,0,0,0,0,0,0
"118","Raphanus sativus","species","Magnoliophyta","Magnoliopsida","Brassicales","Brassicaceae","Raphanus",43,2,2,2,11,0,0,0
"119","Frangula purshiana","species","Magnoliophyta","Magnoliopsida","Rosales","Rhamnaceae","Frangula",9,4,0,4,0,0,0,0
"120","Rubus ursinus","species","Magnoliophyta","Magnoliopsida","Rosales","Rosaceae","Rubus",20,2,2,2,0,0,0,0
"121","Rumex crispus","species","Magnoliophyta","Magnoliopsida","Caryophyllales","Polygonaceae","Rumex",61,4,3,3,0,0,0,0
"122","Rumex maritimus","species","Magnoliophyta","Magnoliopsida","Caryophyllales","Polygonaceae","Rumex",14,0,0,0,0,0,0,0
"123","Ruppia maritima","species","Magnoliophyta","Liliopsida","Alismatales","Ruppiaceae","Ruppia",101,5,3,3,0,0,0,0
"124","Saccharina sessilis","species","Ochrophyta","Phaeophyceae","Laminariales","Laminariaceae","Saccharina",2,0,0,0,0,0,0,0
"125","Salicornia bigelovii","species","Magnoliophyta","Magnoliopsida","Caryophyllales","Chenopodiaceae","Salicornia",6,5,5,5,0,0,0,0
"126","Salicornia virginica","species","Magnoliophyta","Magnoliopsida","Caryophyllales","Chenopodiaceae","Salicornia",1,0,0,0,0,0,0,0
"127","Salicornia pacifica","species","Magnoliophyta","Magnoliopsida","Caryophyllales","Chenopodiaceae","Salicornia",6,4,4,4,0,0,0,0
"128","Salix gooddingii","species","Magnoliophyta","Magnoliopsida","Malpighiales","Salicaceae","Salix",7,7,3,7,0,0,0,0
"129","Salix lasiolepis","species","Magnoliophyta","Magnoliopsida","Malpighiales","Salicaceae","Salix",11,9,3,5,0,0,0,0
"130","Salvia mellifera","species","Magnoliophyta","Magnoliopsida","Lamiales","Lamiaceae","Salvia",6,3,3,3,0,0,0,0
"131","Sargassum horneri","species","Ochrophyta","Phaeophyceae","Fucales","Sargassaceae","Sargassum",14,0,0,0,4,0,0,0
"132","Sargassum muticum","species","Ochrophyta","Phaeophyceae","Fucales","Sargassaceae","Sargassum",25,1,1,1,21,1,1,1
"133","Schoenoplectus californicus","species","Magnoliophyta","Liliopsida","Poales","Cyperaceae","Schoenoplectus",6,5,4,4,0,0,0,0
"134","Schoenoplectus triqueter","species","Magnoliophyta","Liliopsida","Poales","Cyperaceae","Schoenoplectus",11,0,0,0,0,0,0,0
"135","Schoenoplectus pungens","species","Magnoliophyta","Liliopsida","Poales","Cyperaceae","Schoenoplectus",12,3,3,3,0,0,0,0
"136","Sesuvium verrucosum","species","Magnoliophyta","Magnoliopsida","Caryophyllales","Aizoaceae","Sesuvium",5,3,3,3,0,0,0,0
"137","Sidalcea calycosa","species","Magnoliophyta","Magnoliopsida","Malvales","Malvaceae","Sidalcea",9,0,0,0,0,0,0,0
"138","Sonchus asper","species","Magnoliophyta","Magnoliopsida","Asterales","Asteraceae","Sonchus",80,4,3,3,3,0,0,0
"139","Sonchus oleraceus","species","Magnoliophyta","Magnoliopsida","Asterales","Asteraceae","Sonchus",90,5,3,3,1,0,0,0
"140","Sporobolus anglicus","species","Magnoliophyta","Liliopsida","Poales","Poaceae","Sporobolus",2,0,0,0,0,0,0,0
"141","Spergularia canadensis","species","Magnoliophyta","Magnoliopsida","Caryophyllales","Caryophyllaceae","Spergularia",6,2,0,0,0,0,0,0
"142","Spergularia marina","species","Magnoliophyta","Magnoliopsida","Caryophyllales","Caryophyllaceae","Spergularia",18,4,2,2,0,0,0,0
"143","Spergularia villosa","species","Magnoliophyta","Magnoliopsida","Caryophyllales","Caryophyllaceae","Spergularia",2,2,2,2,0,0,0,0
"144","Stephanocystis osmundacea","species","Ochrophyta","Phaeophyceae","Fucales","Sargassaceae","Stephanocystis",3,3,3,3,3,3,3,3
"145","Nassella pulchra","species","Magnoliophyta","Liliopsida","Poales","Poaceae","Nassella",2,1,0,0,0,0,0,0
"146","Stuckenia pectinata","species","Magnoliophyta","Liliopsida","Alismatales","Potamogetonaceae","Stuckenia",48,3,3,3,0,0,0,0
"147","Suaeda esteroa","species","Magnoliophyta","Magnoliopsida","Caryophyllales","Chenopodiaceae","Suaeda",3,2,2,2,0,0,0,0
"148","Suaeda nigra","species","Magnoliophyta","Magnoliopsida","Caryophyllales","Chenopodiaceae","Suaeda",15,9,9,9,0,0,0,0
"149","Suaeda taxifolia","species","Magnoliophyta","Magnoliopsida","Caryophyllales","Chenopodiaceae","Suaeda",5,4,4,4,0,0,0,0
"150","Tetragonia tetragonoides","species","Magnoliophyta","Magnoliopsida","Caryophyllales","Aizoaceae","Tetragonia",2,0,0,0,0,0,0,0
"151","Toxicodendron diversilobum","species","Magnoliophyta","Magnoliopsida","Sapindales","Anacardiaceae","Toxicodendron",7,5,4,4,0,0,0,0
"152","Triglochin concinna","species","Magnoliophyta","Liliopsida","Alismatales","Juncaginaceae","Triglochin",4,4,3,3,0,0,0,0
"153","Triglochin maritima","species","Magnoliophyta","Liliopsida","Alismatales","Juncaginaceae","Triglochin",53,0,0,0,0,0,0,0
"154","Triglochin striata","species","Magnoliophyta","Liliopsida","Alismatales","Juncaginaceae","Triglochin",3,0,0,0,0,0,0,0
"155","Typha angustifolia","species","Magnoliophyta","Liliopsida","Poales","Typhaceae","Typha",33,0,0,0,2,0,0,0
"156","Typha latifolia","species","Magnoliophyta","Liliopsida","Poales","Typhaceae","Typha",45,3,2,2,2,0,0,0
"157","Ulva intestinalis","species","Chlorophyta","Ulvophyceae","Ulvales","Ulvaceae","Ulva",234,17,1,1,0,0,0,0
"158","Undaria pinnatifida","species","Ochrophyta","Phaeophyceae","Laminariales","Alariaceae","Undaria",19,0,0,0,7,0,0,0
"159","Zostera japonica","species","Magnoliophyta","Liliopsida","Alismatales","Zosteraceae","Zostera",12,0,0,0,0,0,0,0
"160","Zostera marina","species","Magnoliophyta","Liliopsida","Alismatales","Zosteraceae","Zostera",90,12,3,3,0,0,0,0
"161","Zostera pacifica","species","Magnoliophyta","Liliopsida","Alismatales","Zosteraceae","Zostera",1,1,0,0,0,0,0,0
"162","Atherinops affinis","species","Chordata","Actinopterygii","Atheriniformes","Atherinopsidae","Atherinops",23,22,21,21,23,22,21,21
"163","Syngnathus leptorhynchus","species","Chordata","Actinopterygii","Syngnathiformes","Syngnathidae","Syngnathus",17,9,0,0,15,9,0,0
"164","Paralabrax clathratus","species","Chordata","Actinopterygii","Perciformes","Serranidae","Paralabrax",8,7,7,7,8,7,7,7
"165","Hypsoblennius gentilis","species","Chordata","Actinopterygii","Blenniiformes","Blenniidae","Hypsoblennius",2,0,0,0,2,0,0,0
"166","Yongeichthys nebulosus","species","Chordata","Actinopterygii","Gobiiformes","Gobiidae","Yongeichthys",13,0,0,0,13,0,0,0
"167","Fundulus parvipinnis","species","Chordata","Actinopterygii","Cyprinodontiformes","Fundulidae","Fundulus",6,6,6,6,6,6,6,6
"168","Clevelandia ios","species","Chordata","Actinopterygii","Gobiiformes","Oxudercidae","Clevelandia",2,1,1,1,2,1,1,1
"169","Mugil cephalus","species","Chordata","Actinopterygii","Mugiliformes","Mugilidae","Mugil",548,21,0,1,528,21,0,1
"170","Ctenogobius sagittula","species","Chordata","Actinopterygii","Gobiiformes","Oxudercidae","Ctenogobius",2,1,1,1,2,1,1,1
"171","Gillichthys mirabilis","species","Chordata","Actinopterygii","Gobiiformes","Oxudercidae","Gillichthys",12,0,0,0,4,0,0,0
"172","Atherinopsis californiensis","species","Chordata","Actinopterygii","Atheriniformes","Atherinopsidae","Atherinopsis",14,14,14,14,14,14,14,14
"173","Lepidogobius lepidus","species","Chordata","Actinopterygii","Gobiiformes","Oxudercidae","Lepidogobius",10,3,0,0,8,2,0,0
"174","Engraulis mordax","species","Chordata","Actinopterygii","Clupeiformes","Engraulidae","Engraulis",41,7,3,3,38,6,3,3
"175","Hippolyte californiensis","species","Arthropoda","Malacostraca","Decapoda","Hippolytidae","Hippolyte",1,0,0,0,1,0,0,0
"176","Urolophus halleri","species","Chordata","Elasmobranchii","Myliobatiformes","Urolophidae","Urolophus",5,2,2,2,5,2,2,2
"177","Paralichthys californicus","species","Chordata","Actinopterygii","Pleuronectiformes","Paralichthyidae","Paralichthys",19,17,14,14,19,17,14,14
"178","Hypsopsetta guttulata","species","Chordata","Actinopterygii","Pleuronectiformes","Pleuronectidae","Hypsopsetta",4,1,1,1,4,1,1,1
"179","Paralabrax maculatofasciatus","species","Chordata","Actinopterygii","Perciformes","Serranidae","Paralabrax",3,0,0,0,3,0,0,0
"180","Menticirrhus undulatus","species","Chordata","Actinopterygii","Acanthuriformes","Sciaenidae","Menticirrhus",4,2,2,2,4,2,2,2
"181","Cymatogaster aggregata","species","Chordata","Actinopterygii","Ovalentaria","Embiotocidae","Cymatogaster",62,28,27,27,51,27,26,26
"182","Bulla gouldiana","species","Mollusca","Gastropoda","Cephalaspidea","Bullidae","Bulla",16,14,14,14,9,7,7,7
"183","Chlamys rubida","species","Mollusca","Bivalvia","Pectinida","Pectinidae","Chlamys",4,1,0,0,0,0,0,0
"184","Penaeus californiensis","species","Arthropoda","Malacostraca","Decapoda","Penaeidae","Penaeus",2,0,0,0,2,0,0,0
"185","Leptocottus armatus","species","Chordata","Actinopterygii","Scorpaeniformes","Cottidae","Leptocottus",33,18,11,11,31,18,11,11
"186","Navanax inermis","species","Mollusca","Gastropoda","Cephalaspidea","Aglajidae","Navanax",15,5,4,4,12,3,2,2
"187","Cerithideopsis californica","species","Mollusca","Gastropoda",NA,"Potamididae","Cerithideopsis",9,8,8,8,7,6,6,6
"188","Siliqua patula","species","Mollusca","Bivalvia","Adapedonta","Pharidae","Siliqua",1,1,0,0,1,1,0,0
"189","Menidia beryllina","species","Chordata","Actinopterygii","Atheriniformes","Atherinopsidae","Menidia",146,131,0,1,146,131,0,1
"190","Myliobatis californica","species","Chordata","Elasmobranchii","Myliobatiformes","Myliobatidae","Myliobatis",9,4,3,3,9,4,3,3
"191","Leuresthes tenuis","species","Chordata","Actinopterygii","Atheriniformes","Atherinopsidae","Leuresthes",7,7,6,6,2,2,1,1
"192","Acanthogobius flavimanus","species","Chordata","Actinopterygii","Gobiiformes","Oxudercidae","Acanthogobius",12,3,3,3,12,3,3,3
"193","Lucania parva","species","Chordata","Actinopterygii","Cyprinodontiformes","Fundulidae","Lucania",7,2,0,1,7,2,0,1
"194","Sphoeroides annulatus","species","Chordata","Actinopterygii","Tetraodontiformes","Tetraodontidae","Sphoeroides",29,0,0,0,21,0,0,0
"195","Callinectes arcuatus","species","Arthropoda","Malacostraca","Decapoda","Portunidae","Callinectes",18,0,0,0,18,0,0,0
"196","Paraclinus integripinnis","species","Chordata","Actinopterygii","Blenniiformes","Labrisomidae","Paraclinus",2,1,1,1,2,1,1,1
"197","Cottus asper","species","Chordata","Actinopterygii","Scorpaeniformes","Cottidae","Cottus",1513,1485,0,0,1511,1483,0,0
"198","Pachygrapsus crassipes","species","Arthropoda","Malacostraca","Decapoda","Grapsidae","Pachygrapsus",193,40,39,39,185,40,39,39
"199","Gasterosteus aculeatus","species","Chordata","Actinopterygii","Scorpaeniformes","Gasterosteidae","Gasterosteus",292,24,0,0,282,24,0,0
"200","Eucyclogobius newberryi","species","Chordata","Actinopterygii","Gobiiformes","Oxudercidae","Eucyclogobius",13,0,0,0,5,0,0,0
"201","Hemigrapsus oregonensis","species","Arthropoda","Malacostraca","Decapoda","Varunidae","Hemigrapsus",467,6,4,4,441,5,4,4
"202","Neotrypaea californiensis","species","Arthropoda","Malacostraca","Decapoda","Callianassidae","Neotrypaea",725,4,0,0,724,3,0,0
"203","Carcinus maenas","species","Arthropoda","Malacostraca","Decapoda","Portunidae","Carcinus",816,149,0,0,800,149,0,0
"204","Rana catesbeiana","species","Chordata","Amphibia","Anura","Ranidae","Rana",47,3,0,0,26,2,0,0
"205","Anchoa compressa","species","Chordata","Actinopterygii","Clupeiformes","Engraulidae","Anchoa",2,1,0,0,2,1,0,0
"206","Clinocottus analis","species","Chordata","Actinopterygii","Scorpaeniformes","Cottidae","Clinocottus",21,7,7,7,13,7,7,7
"207","Hesperoleucus symmetricus","species","Chordata","Actinopterygii","Cypriniformes","Cyprinidae","Hesperoleucus",8,6,3,3,8,6,3,3
"208","Melampus olivaceus","species","Mollusca","Gastropoda","Ellobiida","Ellobiidae","Melampus",1,1,1,1,1,1,1,1
"209","Heterostichus rostratus","species","Chordata","Actinopterygii","Blenniiformes","Clinidae","Heterostichus",10,9,9,9,10,9,9,9
"210","Modiolus modiolus","species","Mollusca","Bivalvia","Mytilida","Mytilidae","Modiolus",294,55,0,0,293,55,0,0
"211","Cynoscion parvipinnis","species","Chordata","Actinopterygii","Acanthuriformes","Sciaenidae","Cynoscion",3,1,1,1,3,1,1,1
"212","Citharichthys stigmaeus","species","Chordata","Actinopterygii","Pleuronectiformes","Paralichthyidae","Citharichthys",38,22,18,18,29,20,18,18
"213","Callinectes bellicosus","species","Arthropoda","Malacostraca","Decapoda","Portunidae","Callinectes",4,0,0,0,4,0,0,0
"214","Poecilia latipinna","species","Chordata","Actinopterygii","Cyprinodontiformes","Poeciliidae","Poecilia",25,6,0,0,25,6,0,0
"215","Pholis laeta","species","Chordata","Actinopterygii","Scorpaeniformes","Pholidae","Pholis",21,5,0,0,19,5,0,0
"216","Morone saxatilis","species","Chordata","Actinopterygii","Moroniformes","Moronidae","Morone",47,16,0,0,29,15,0,0
"217","Acantholithodes hispidus","species","Arthropoda","Malacostraca","Decapoda","Hapalogastridae","Acantholithodes",6,0,0,0,6,0,0,0
"218","Acipenser medirostris","species","Chordata","Actinopterygii","Acipenseriformes","Acipenseridae","Acipenser",31,17,10,10,23,17,10,10
"219","Acipenser transmontanus","species","Chordata","Actinopterygii","Acipenseriformes","Acipenseridae","Acipenser",27,7,1,1,18,7,1,1
"220","Actinemys marmorata","species","Chordata","Reptilia","Testudines","Emydidae","Actinemys",5,2,1,1,5,2,1,1
"221","Alloclinus holderi","species","Chordata","Actinopterygii","Blenniiformes","Labrisomidae","Alloclinus",3,1,1,1,3,1,1,1
"222","Alosa sapidissima","species","Chordata","Actinopterygii","Clupeiformes","Clupeidae","Alosa",75,20,1,1,47,12,1,1
"223","Ameiurus catus","species","Chordata","Actinopterygii","Siluriformes","Ictaluridae","Ameiurus",13,10,0,0,12,9,0,0
"224","Ameiurus melas","species","Chordata","Actinopterygii","Siluriformes","Ictaluridae","Ameiurus",181,5,0,0,171,5,0,0
"225","Ameiurus natalis","species","Chordata","Actinopterygii","Siluriformes","Ictaluridae","Ameiurus",59,34,0,2,49,34,0,2
"226","Ameiurus nebulosus","species","Chordata","Actinopterygii","Siluriformes","Ictaluridae","Ameiurus",102,16,0,0,93,15,0,0
"227","Amphistichus argenteus","species","Chordata","Actinopterygii","Ovalentaria","Embiotocidae","Amphistichus",5,5,5,5,5,5,5,5
"228","Anisotremus davidsonii","species","Chordata","Actinopterygii","Perciformes","Haemulidae","Anisotremus",5,1,1,1,5,1,1,1
"229","Aplysia californica","species","Mollusca","Gastropoda","Aplysiida","Aplysiidae","Aplysia",16,2,1,1,8,2,1,1
"230","Aplysia vaccaria","species","Mollusca","Gastropoda","Aplysiida","Aplysiidae","Aplysia",5,2,2,2,4,1,1,1
"231","Apodichthys flavidus","species","Chordata","Actinopterygii","Scorpaeniformes","Pholidae","Apodichthys",17,1,0,0,13,1,0,0
"232","Arcuatula senhousia","species","Mollusca","Bivalvia","Mytilida","Mytilidae","Arcuatula",42,0,0,0,42,0,0,0
"233","Artedius fenestralis","species","Chordata","Actinopterygii","Scorpaeniformes","Cottidae","Artedius",28,5,0,0,25,5,0,0
"234","Artedius notospilotus","species","Chordata","Actinopterygii","Scorpaeniformes","Cottidae","Artedius",5,4,4,4,5,4,4,4
"235","Aulorhynchus flavidus","species","Chordata","Actinopterygii","Scorpaeniformes","Aulorhynchidae","Aulorhynchus",19,2,0,0,9,2,0,0
"236","Aurelia coerulea","species","Cnidaria","Scyphozoa","Semaeostomeae","Ulmaridae","Aurelia",270,6,0,0,270,6,0,0
"237","Batillaria attramentaria","species","Mollusca","Gastropoda",NA,"Batillariidae","Batillaria",57,2,0,0,44,2,0,0
"238","Blepsias cirrhosus","species","Chordata","Actinopterygii","Scorpaeniformes","Agonidae","Blepsias",24,3,0,0,19,3,0,0
"239","Brachyistius frenatus","species","Chordata","Actinopterygii","Ovalentaria","Embiotocidae","Brachyistius",11,2,0,0,9,2,0,0
"240","Busycotypus canaliculatus","species","Mollusca","Gastropoda","Neogastropoda","Buccinidae","Busycotypus",6,5,0,0,2,1,0,0
"241","Cancer antennarius","species","Arthropoda","Malacostraca","Decapoda","Cancridae","Cancer",1,1,0,0,1,1,0,0
"242","Cancer productus","species","Arthropoda","Malacostraca","Decapoda","Cancridae","Cancer",48,24,2,2,41,24,2,2
"243","Carassius auratus","species","Chordata","Actinopterygii","Cypriniformes","Cyprinidae","Carassius",339,4,0,0,297,3,0,0
"244","Catostomus occidentalis","species","Chordata","Actinopterygii","Cypriniformes","Catostomidae","Catostomus",12,9,8,8,12,9,8,8
"245","Caulolatilus princeps","species","Chordata","Actinopterygii","Perciformes","Malacanthidae","Caulolatilus",21,12,12,12,21,12,12,12
"246","Centrostephanus coronatus","species","Echinodermata","Echinoidea","Diadematoida","Diadematidae","Centrostephanus",2,1,1,1,2,1,1,1
"247","Cephaloscyllium ventriosum","species","Chordata","Elasmobranchii","Carcharhiniformes","Scyliorhinidae","Cephaloscyllium",1,1,0,0,1,1,0,0
"248","Cheilotrema saturnum","species","Chordata","Actinopterygii","Acanthuriformes","Sciaenidae","Cheilotrema",3,1,1,1,3,1,1,1
"249","Chilara taylori","species","Chordata","Actinopterygii","Ophidiiformes","Ophidiidae","Chilara",10,8,7,7,9,7,6,6
"250","Chromis punctipinnis","species","Chordata","Actinopterygii","Ovalentaria","Pomacentridae","Chromis",15,12,12,12,15,12,12,12
"251","Citharichthys sordidus","species","Chordata","Actinopterygii","Pleuronectiformes","Paralichthyidae","Citharichthys",69,47,37,37,60,40,35,35
"252","Citharichthys xanthostigma","species","Chordata","Actinopterygii","Pleuronectiformes","Paralichthyidae","Citharichthys",10,9,6,6,9,8,5,5
"253","Clinocardium nuttallii","species","Mollusca","Bivalvia","Cardiida","Cardiidae","Clinocardium",35,32,2,2,34,32,2,2
"254","Clinocottus acuticeps","species","Chordata","Actinopterygii","Scorpaeniformes","Cottidae","Clinocottus",8,7,0,0,8,7,0,0
"255","Clupea pallasii","species","Chordata","Actinopterygii","Clupeiformes","Clupeidae","Clupea",65,18,0,0,47,11,0,0
"256","Corbicula fluminea","species","Mollusca","Bivalvia","Venerida","Cyrenidae","Corbicula",272,21,1,1,254,21,1,1
"257","Rhinogobiops nicholsii","species","Chordata","Actinopterygii","Gobiiformes","Gobiidae","Rhinogobiops",21,10,10,10,19,10,10,10
"258","Cottus aleuticus","species","Chordata","Actinopterygii","Scorpaeniformes","Cottidae","Cottus",143,141,0,0,136,134,0,0
"259","Cottus asperrimus","species","Chordata","Actinopterygii","Scorpaeniformes","Cottidae","Cottus",6,6,0,0,6,6,0,0
"260","Crangon franciscorum","species","Arthropoda","Malacostraca","Decapoda","Crangonidae","Crangon",1,0,0,0,1,0,0,0
"261","Crepidula convexa","species","Mollusca","Gastropoda","Littorinimorpha","Calyptraeidae","Crepidula",83,3,0,0,74,3,0,0
"262","Crepidula plana","species","Mollusca","Gastropoda","Littorinimorpha","Calyptraeidae","Crepidula",18,9,0,0,15,6,0,0
"263","Cryptomya californica","species","Mollusca","Bivalvia","Myida","Myidae","Cryptomya",4,0,0,0,3,0,0,0
"264","Cryptolithodes sitchensis","species","Arthropoda","Malacostraca","Decapoda","Lithodidae","Cryptolithodes",5,0,0,0,3,0,0,0
"265","Cucumaria miniata","species","Echinodermata","Holothuroidea","Dendrochirotida","Cucumariidae","Cucumaria",35,5,0,0,25,4,0,0
"266","Atractoscion nobilis","species","Chordata","Actinopterygii","Acanthuriformes","Sciaenidae","Atractoscion",10,6,6,6,10,6,6,6
"267","Cyprinella lutrensis","species","Chordata","Actinopterygii","Cypriniformes","Cyprinidae","Cyprinella",56,23,0,0,30,14,0,0
"268","Cyprinus carpio","species","Chordata","Actinopterygii","Cypriniformes","Cyprinidae","Cyprinus",780,34,0,0,718,34,0,0
"269","Dendraster excentricus","species","Echinodermata","Echinoidea","Clypeasteroida","Dendrasteridae","Dendraster",26,15,14,14,20,12,12,12
"270","Dermasterias imbricata","species","Echinodermata","Asteroidea","Valvatida","Asteropseidae","Dermasterias",20,1,0,0,18,1,0,0
"271","Diadumene lineata","species","Cnidaria","Anthozoa","Actiniaria","Diadumenidae","Diadumene",11,4,3,3,6,1,0,0
"272","Dorosoma petenense","species","Chordata","Actinopterygii","Clupeiformes","Clupeidae","Dorosoma",81,0,0,0,73,0,0,0
"273","Embiotoca jacksoni","species","Chordata","Actinopterygii","Ovalentaria","Embiotocidae","Embiotoca",33,22,21,21,25,22,21,21
"274","Embiotoca lateralis","species","Chordata","Actinopterygii","Ovalentaria","Embiotocidae","Embiotoca",19,14,11,11,17,14,11,11
"275","Enophrys bison","species","Chordata","Actinopterygii","Scorpaeniformes","Cottidae","Enophrys",22,9,1,1,18,8,1,1
"276","Eriocheir sinensis","species","Arthropoda","Malacostraca","Decapoda","Varunidae","Eriocheir",192,2,0,0,183,2,0,0
"277","Fundulus heteroclitus","species","Chordata","Actinopterygii","Cyprinodontiformes","Fundulidae","Fundulus",63,9,0,0,34,8,0,0
"278","Gambusia affinis","species","Chordata","Actinopterygii","Cyprinodontiformes","Poeciliidae","Gambusia",83,15,0,6,70,15,0,6
"279","Gemma gemma","species","Mollusca","Bivalvia","Venerida","Veneridae","Gemma",38,2,0,0,38,2,0,0
"280","Genyonemus lineatus","species","Chordata","Actinopterygii","Acanthuriformes","Sciaenidae","Genyonemus",22,18,18,18,22,18,18,18
"281","Geukensia demissa","species","Mollusca","Bivalvia","Mytilida","Mytilidae","Geukensia",281,70,0,0,281,70,0,0
"282","Gibbonsia elegans","species","Chordata","Actinopterygii","Blenniiformes","Clinidae","Gibbonsia",4,2,2,2,4,2,2,2
"283","Gibbonsia montereyensis","species","Chordata","Actinopterygii","Blenniiformes","Clinidae","Gibbonsia",2,1,1,1,2,1,1,1
"284","Gila orcuttii","species","Chordata","Actinopterygii","Cypriniformes","Cyprinidae","Gila",10,10,5,5,10,10,5,5
"285","Girella nigricans","species","Chordata","Actinopterygii","Perciformes","Kyphosidae","Girella",1,1,1,1,1,1,1,1
"286","Glebocarcinus oregonensis","species","Arthropoda","Malacostraca","Decapoda","Cancridae","Glebocarcinus",31,11,0,0,26,11,0,0
"287","Gobiesox maeandricus","species","Chordata","Actinopterygii","Gobiesociformes","Gobiesocidae","Gobiesox",14,1,1,1,8,1,1,1
"288","Gymnothorax mordax","species","Chordata","Actinopterygii","Anguilliformes","Muraenidae","Gymnothorax",1,0,0,0,1,0,0,0
"289","Gymnura marmorata","species","Chordata","Elasmobranchii","Myliobatiformes","Gymnuridae","Gymnura",4,2,2,2,4,2,2,2
"290","Halichoeres semicinctus","species","Chordata","Actinopterygii","Labriformes","Labridae","Halichoeres",9,6,6,6,9,6,6,6
"291","Haminoea japonica","species","Mollusca","Gastropoda","Cephalaspidea","Haminoeidae","Haminoea",187,24,15,15,187,24,15,15
"292","Haminoea vesicula","species","Mollusca","Gastropoda","Cephalaspidea","Haminoeidae","Haminoea",22,8,7,7,17,8,7,7
"293","Hemigrapsus nudus","species","Arthropoda","Malacostraca","Decapoda","Varunidae","Hemigrapsus",108,57,0,0,92,57,0,0
"294","Hemilepidotus hemilepidotus","species","Chordata","Actinopterygii","Scorpaeniformes","Cottidae","Hemilepidotus",22,9,0,0,17,7,0,0
"295","Heterodontus francisci","species","Chordata","Elasmobranchii","Heterodontiformes","Heterodontidae","Heterodontus",18,3,0,0,10,3,0,0
"296","Hexagrammos decagrammus","species","Chordata","Actinopterygii","Scorpaeniformes","Hexagrammidae","Hexagrammos",45,22,1,1,35,16,1,1
"297","Hypomesus nipponensis","species","Chordata","Actinopterygii","Osmeriformes","Osmeridae","Hypomesus",48,0,0,0,40,0,0,0
"298","Hypomesus pretiosus","species","Chordata","Actinopterygii","Osmeriformes","Osmeridae","Hypomesus",14,6,0,0,11,5,0,0
"299","Hypomesus transpacificus","species","Chordata","Actinopterygii","Osmeriformes","Osmeridae","Hypomesus",3,0,0,0,3,0,0,0
"300","Hypsoblennius gilberti","species","Chordata","Actinopterygii","Blenniiformes","Blenniidae","Hypsoblennius",1,0,0,0,1,0,0,0
"301","Hysterocarpus traskii","species","Chordata","Actinopterygii","Ovalentaria","Embiotocidae","Hysterocarpus",4,2,2,2,4,2,2,2
"302","Ictalurus furcatus","species","Chordata","Actinopterygii","Siluriformes","Ictaluridae","Ictalurus",42,18,0,0,33,17,0,0
"303","Ictalurus punctatus","species","Chordata","Actinopterygii","Siluriformes","Ictaluridae","Ictalurus",170,73,0,0,149,70,0,0
"304","Tritia obsoleta","species","Mollusca","Gastropoda","Neogastropoda","Nassariidae","Tritia",535,248,0,0,527,248,0,0
"305","Lepomis cyanellus","species","Chordata","Actinopterygii","Perciformes","Centrarchidae","Lepomis",90,55,0,3,74,55,0,3
"306","Lepomis gibbosus","species","Chordata","Actinopterygii","Perciformes","Centrarchidae","Lepomis",148,31,0,0,124,30,0,0
"307","Leukoma staminea","species","Mollusca","Bivalvia","Venerida","Veneridae","Leukoma",23,5,0,0,12,5,0,0
"308","Limecola petalum","species","Mollusca","Bivalvia","Cardiida","Tellinidae","Limecola",12,11,0,0,12,11,0,0
"309","Linckia columbiae","species","Echinodermata","Asteroidea","Valvatida","Ophidiasteridae","Linckia",6,0,0,0,6,0,0,0
"310","Loxorhynchus crispatus","species","Arthropoda","Malacostraca","Decapoda","Epialtidae","Loxorhynchus",3,1,0,0,3,1,0,0
"311","Lyrodus pedicellatus","species","Mollusca","Bivalvia","Myida","Teredinidae","Lyrodus",20,0,0,0,12,0,0,0
"312","Lytechinus anamesus","species","Echinodermata","Echinoidea","Camarodonta","Toxopneustidae","Lytechinus",4,0,0,0,4,0,0,0
"313","Lythrypnus dalli","species","Chordata","Actinopterygii","Gobiiformes","Gobiidae","Lythrypnus",4,1,1,1,4,1,1,1
"314","Lythrypnus zebra","species","Chordata","Actinopterygii","Gobiiformes","Gobiidae","Lythrypnus",2,1,1,1,2,1,1,1
"315","Limecola balthica","species","Mollusca","Bivalvia","Cardiida","Tellinidae","Limecola",285,59,0,0,218,44,0,0
"316","Macoma inquinata","species","Mollusca","Bivalvia","Cardiida","Tellinidae","Macoma",6,5,0,0,5,4,0,0
"317","Macoma nasuta","species","Mollusca","Bivalvia","Cardiida","Tellinidae","Macoma",18,17,5,5,11,10,3,3
"318","Maeotias marginata","species","Cnidaria","Hydrozoa","Limnomedusae","Olindiidae","Maeotias",3,1,1,1,3,1,1,1
"319","Magallana gigas","species","Mollusca","Bivalvia","Ostreida","Ostreidae","Magallana",424,20,1,1,406,19,0,0
"320","Medialuna californiensis","species","Chordata","Actinopterygii","Perciformes","Kyphosidae","Medialuna",1,1,1,1,1,1,1,1
"321","Megastraea undosa","species","Mollusca","Gastropoda","Trochida","Turbinidae","Megastraea",10,9,9,9,10,9,9,9
"322","Melanochlamys ezoensis","species","Mollusca","Gastropoda","Cephalaspidea","Aglajidae","Melanochlamys",16,1,0,0,16,1,0,0
"323","Melanoides tuberculata","species","Mollusca","Gastropoda",NA,"Thiaridae","Melanoides",171,49,0,0,169,49,0,0
"324","Metacarcinus gracilis","species","Arthropoda","Malacostraca","Decapoda","Cancridae","Metacarcinus",23,3,1,1,13,3,1,1
"325","Metacarcinus magister","species","Arthropoda","Malacostraca","Decapoda","Cancridae","Metacarcinus",737,7,0,0,730,7,0,0
"326","Micropterus salmoides","species","Chordata","Actinopterygii","Perciformes","Centrarchidae","Micropterus",175,66,0,2,148,65,0,2
"327","Microstomus pacificus","species","Chordata","Actinopterygii","Pleuronectiformes","Pleuronectidae","Microstomus",73,45,10,10,66,38,9,9
"328","Munida quadrispina","species","Arthropoda","Malacostraca","Decapoda","Munididae","Munida",15,0,0,0,14,0,0,0
"329","Mustelus californicus","species","Chordata","Elasmobranchii","Carcharhiniformes","Triakidae","Mustelus",5,2,2,2,5,2,2,2
"330","Mustelus henlei","species","Chordata","Elasmobranchii","Carcharhiniformes","Triakidae","Mustelus",20,14,13,13,18,12,11,11
"331","Mustelus mustelus","species","Chordata","Elasmobranchii","Carcharhiniformes","Triakidae","Mustelus",178,0,0,0,173,0,0,0
"332","Mya arenaria","species","Mollusca","Bivalvia","Myida","Myidae","Mya",140,33,0,0,122,23,0,0
"333","Myosotella myosotis","species","Mollusca","Gastropoda","Ellobiida","Ellobiidae","Myosotella",27,0,0,0,17,0,0,0
"334","Mytilus californianus","species","Mollusca","Bivalvia","Mytilida","Mytilidae","Mytilus",488,235,85,85,476,231,81,81
"335","Mytilus galloprovincialis","species","Mollusca","Bivalvia","Mytilida","Mytilidae","Mytilus",642,2,0,0,634,2,0,0
"336","Neobernaya spadicea","species","Mollusca","Gastropoda","Littorinimorpha","Cypraeidae","Neobernaya",8,4,4,4,7,3,3,3
"337","Nutricola tantilla","species","Mollusca","Bivalvia","Venerida","Veneridae","Nutricola",1,1,0,0,1,1,0,0
"338","Ocinebrellus inornatus","species","Mollusca","Gastropoda","Neogastropoda","Muricidae","Ocinebrellus",8,0,0,0,8,0,0,0
"339","Octopus bimaculatus","species","Mollusca","Cephalopoda","Octopoda","Octopodidae","Octopus",52,0,0,0,44,0,0,0
"340","Oligocottus maculosus","species","Chordata","Actinopterygii","Scorpaeniformes","Cottidae","Oligocottus",28,8,0,0,26,8,0,0
"341","Oncorhynchus keta","species","Chordata","Actinopterygii","Salmoniformes","Salmonidae","Oncorhynchus",248,129,0,1,208,107,0,1
"342","Oncorhynchus kisutch","species","Chordata","Actinopterygii","Salmoniformes","Salmonidae","Oncorhynchus",284,179,17,18,259,168,17,18
"343","Oncorhynchus tshawytscha","species","Chordata","Actinopterygii","Salmoniformes","Salmonidae","Oncorhynchus",360,256,32,34,323,239,32,34
"344","Ophichthus zophochir","species","Chordata","Actinopterygii","Anguilliformes","Ophichthidae","Ophichthus",5,1,1,1,5,1,1,1
"345","Ophiodon elongatus","species","Chordata","Actinopterygii","Scorpaeniformes","Hexagrammidae","Ophiodon",53,18,9,9,38,15,7,7
"346","Orconectes virilis","species","Arthropoda","Malacostraca","Decapoda","Cambaridae","Orconectes",94,7,0,0,94,7,0,0
"347","Ostrea lurida","species","Mollusca","Bivalvia","Ostreida","Ostreidae","Ostrea",38,20,0,0,30,20,0,0
"348","Oxyjulis californica","species","Chordata","Actinopterygii","Labriformes","Labridae","Oxyjulis",14,13,13,13,14,13,13,13
"349","Oxylebius pictus","species","Chordata","Actinopterygii","Scorpaeniformes","Hexagrammidae","Oxylebius",19,14,13,13,17,14,13,13
"350","Pachycheles rudis","species","Arthropoda","Malacostraca","Decapoda","Porcellanidae","Pachycheles",2,0,0,0,2,0,0,0
"351","Palaemon macrodactylus","species","Arthropoda","Malacostraca","Decapoda","Palaemonidae","Palaemon",107,0,0,0,107,0,0,0
"352","Palaemon modestus","species","Arthropoda","Malacostraca","Decapoda","Palaemonidae","Palaemon",59,0,0,0,59,0,0,0
"353","Pandalus hypsinotus","species","Arthropoda","Malacostraca","Decapoda","Pandalidae","Pandalus",7,0,0,0,7,0,0,0
"354","Pandalus platyceros","species","Arthropoda","Malacostraca","Decapoda","Pandalidae","Pandalus",46,33,0,0,45,32,0,0
"355","Panopea abrupta","species","Mollusca","Bivalvia","Adapedonta","Hiatellidae","Panopea",2,0,0,0,2,0,0,0
"356","Panulirus interruptus","species","Arthropoda","Malacostraca","Decapoda","Palinuridae","Panulirus",242,1,0,0,242,1,0,0
"357","Paralabrax nebulifer","species","Chordata","Actinopterygii","Perciformes","Serranidae","Paralabrax",16,12,12,12,16,12,12,12
"358","Apostichopus californicus","species","Echinodermata","Holothuroidea","Synallactida","Stichopodidae","Apostichopus",7,0,0,0,7,0,0,0
"359","Apostichopus parvimensis","species","Echinodermata","Holothuroidea","Synallactida","Stichopodidae","Apostichopus",3,1,1,1,3,1,1,1
"360","Patiria miniata","species","Echinodermata","Asteroidea","Valvatida","Asterinidae","Patiria",39,19,18,18,37,19,18,18
"361","Percina macrolepida","species","Chordata","Actinopterygii","Perciformes","Percidae","Percina",26,13,0,13,18,13,0,13
"362","Petrolisthes cinctipes","species","Arthropoda","Malacostraca","Decapoda","Porcellanidae","Petrolisthes",6,1,0,0,6,1,0,0
"363","Phanerodon furcatus","species","Chordata","Actinopterygii","Ovalentaria","Embiotocidae","Phanerodon",2,2,1,1,2,2,1,1
"364","Philine auriformis","species","Mollusca","Gastropoda","Cephalaspidea","Philinidae","Philine",4,0,0,0,3,0,0,0
"365","Pholis ornata","species","Chordata","Actinopterygii","Scorpaeniformes","Pholidae","Pholis",5,2,1,1,5,2,1,1
"366","Phyllorhiza punctata","species","Cnidaria","Scyphozoa","Rhizostomeae","Mastigiidae","Phyllorhiza",29,0,0,0,29,0,0,0
"367","Pisaster ochraceus","species","Echinodermata","Asteroidea","Forcipulatida","Asteriidae","Pisaster",430,2,2,2,421,2,2,2
"368","Platichthys stellatus","species","Chordata","Actinopterygii","Pleuronectiformes","Pleuronectidae","Platichthys",121,13,1,1,107,9,1,1
"369","Platyrhinoidis triseriata","species","Chordata","Elasmobranchii","Myliobatiformes","Platyrhinidae","Platyrhinoidis",2,1,1,1,2,1,1,1
"370","Pleurobrachia bachei","species","Ctenophora","Tentaculata","Cydippida","Pleurobrachiidae","Pleurobrachia",14,4,0,0,8,4,0,0
"371","Parophrys vetulus","species","Chordata","Actinopterygii","Pleuronectiformes","Pleuronectidae","Parophrys",68,21,10,10,59,15,9,9
"372","Pleuronichthys coenosus","species","Chordata","Actinopterygii","Pleuronectiformes","Pleuronectidae","Pleuronichthys",18,4,0,0,15,4,0,0
"373","Pleuronichthys ritteri","species","Chordata","Actinopterygii","Pleuronectiformes","Pleuronectidae","Pleuronichthys",2,1,1,1,2,1,1,1
"374","Pleuronichthys verticalis","species","Chordata","Actinopterygii","Pleuronectiformes","Pleuronectidae","Pleuronichthys",10,7,7,7,8,5,5,5
"375","Pogonichthys macrolepidotus","species","Chordata","Actinopterygii","Cypriniformes","Cyprinidae","Pogonichthys",4,0,0,0,4,0,0,0
"376","Polyorchis penicillatus","species","Cnidaria","Hydrozoa","Anthoathecata","Corynidae","Polyorchis",15,1,0,0,9,1,0,0
"377","Porichthys notatus","species","Chordata","Actinopterygii","Batrachoidiformes","Batrachoididae","Porichthys",27,16,11,11,27,16,11,11
"378","Portunus xantusii","species","Arthropoda","Malacostraca","Decapoda","Portunidae","Portunus",10,1,1,1,10,1,1,1
"379","Potamopyrgus antipodarum","species","Mollusca","Gastropoda","Littorinimorpha","Tateidae","Potamopyrgus",408,0,0,0,398,0,0,0
"380","Procambarus clarkii","species","Arthropoda","Malacostraca","Decapoda","Cambaridae","Procambarus",408,30,10,19,400,30,10,19
"381","Ptychocheilus grandis","species","Chordata","Actinopterygii","Cypriniformes","Cyprinidae","Ptychocheilus",4,2,2,2,4,2,2,2
"382","Rhacochilus toxotes","species","Chordata","Actinopterygii","Ovalentaria","Embiotocidae","Rhacochilus",1,1,1,1,1,1,1,1
"383","Raja binoculata","species","Chordata","Elasmobranchii","Rajiformes","Rajidae","Raja",16,8,1,1,16,8,1,1
"384","Rhacochilus vacca","species","Chordata","Actinopterygii","Ovalentaria","Embiotocidae","Rhacochilus",25,17,11,11,25,17,11,11
"385","Rhithropanopeus harrisii","species","Arthropoda","Malacostraca","Decapoda","Panopeidae","Rhithropanopeus",128,2,0,2,128,2,0,2
"386","Roncador stearnsii","species","Chordata","Actinopterygii","Acanthuriformes","Sciaenidae","Roncador",6,2,2,2,6,2,2,2
"387","Ruditapes philippinarum","species","Mollusca","Bivalvia","Venerida","Veneridae","Ruditapes",687,1,0,0,670,1,0,0
"388","Sardinops sagax","species","Chordata","Actinopterygii","Clupeiformes","Clupeidae","Sardinops",70,12,2,2,61,3,0,0
"389","Scomber japonicus","species","Chordata","Actinopterygii","Scombriformes","Scombridae","Scomber",200,18,9,9,185,12,9,9
"390","Scorpaena guttata","species","Chordata","Actinopterygii","Scorpaeniformes","Scorpaenidae","Scorpaena",7,7,7,7,5,5,5,5
"391","Scorpaenichthys marmoratus","species","Chordata","Actinopterygii","Scorpaeniformes","Cottidae","Scorpaenichthys",19,5,4,4,16,4,3,3
"392","Sebastes auriculatus","species","Chordata","Actinopterygii","Scorpaeniformes","Scorpaenidae","Sebastes",59,59,51,51,57,57,50,50
"393","Sebastes caurinus","species","Chordata","Actinopterygii","Scorpaeniformes","Scorpaenidae","Sebastes",113,93,88,88,105,92,87,87
"394","Sebastes melanops","species","Chordata","Actinopterygii","Scorpaeniformes","Scorpaenidae","Sebastes",29,24,1,1,29,24,1,1
"395","Sebastes rastrelliger","species","Chordata","Actinopterygii","Scorpaeniformes","Scorpaenidae","Sebastes",29,29,29,29,29,29,29,29
"396","Semicossyphus pulcher","species","Chordata","Actinopterygii","Labriformes","Labridae","Semicossyphus",15,9,8,8,15,9,8,8
"397","Seriola lalandi","species","Chordata","Actinopterygii","Carangiformes","Carangidae","Seriola",285,2,0,0,277,2,0,0
"398","Seriphus politus","species","Chordata","Actinopterygii","Acanthuriformes","Sciaenidae","Seriphus",11,8,8,8,11,8,8,8
"399","Spirinchus starksi","species","Chordata","Actinopterygii","Osmeriformes","Osmeridae","Spirinchus",12,12,1,1,12,12,1,1
"400","Spirinchus thaleichthys","species","Chordata","Actinopterygii","Osmeriformes","Osmeridae","Spirinchus",11,8,0,0,6,3,0,0
"401","Squatina californica","species","Chordata","Elasmobranchii","Squatiniformes","Squatinidae","Squatina",40,7,4,4,40,7,4,4
"402","Mesocentrotus franciscanus","species","Echinodermata","Echinoidea","Camarodonta","Strongylocentrotidae","Mesocentrotus",112,78,2,2,103,78,2,2
"403","Strongylocentrotus purpuratus","species","Echinodermata","Echinoidea","Camarodonta","Strongylocentrotidae","Strongylocentrotus",40,14,12,12,30,13,11,11
"404","Synodus lucioceps","species","Chordata","Actinopterygii","Aulopiformes","Synodontidae","Synodus",17,16,12,12,13,12,8,8
"405","Thaleichthys pacificus","species","Chordata","Actinopterygii","Osmeriformes","Osmeridae","Thaleichthys",59,21,0,0,48,16,0,0
"406","Tetronarce californica","species","Chordata","Elasmobranchii","Torpediniformes","Torpedinidae","Tetronarce",1,1,1,1,1,1,1,1
"407","Trachurus symmetricus","species","Chordata","Actinopterygii","Carangiformes","Carangidae","Trachurus",17,15,4,4,7,5,2,2
"408","Tresus nuttallii","species","Mollusca","Bivalvia","Venerida","Mactridae","Tresus",9,9,0,0,9,9,0,0
"409","Triakis semifasciata","species","Chordata","Elasmobranchii","Carcharhiniformes","Triakidae","Triakis",7,6,4,4,6,5,4,4
"410","Tridentiger barbatus","species","Chordata","Actinopterygii","Gobiiformes","Oxudercidae","Tridentiger",56,2,2,2,48,2,2,2
"411","Tridentiger bifasciatus","species","Chordata","Actinopterygii","Gobiiformes","Oxudercidae","Tridentiger",43,2,2,2,35,2,2,2
"412","Tridentiger trigonocephalus","species","Chordata","Actinopterygii","Gobiiformes","Oxudercidae","Tridentiger",26,3,2,2,26,3,2,2
"413","Leptuca crenulata","species","Arthropoda","Malacostraca","Decapoda","Ocypodidae","Leptuca",4,2,2,2,4,2,2,2
"414","Umbrina roncador","species","Chordata","Actinopterygii","Acanthuriformes","Sciaenidae","Umbrina",3,2,2,2,3,2,2,2
"415","Upogebia macginitieorum","species","Arthropoda","Malacostraca","Decapoda","Upogebiidae","Upogebia",2,0,0,0,2,0,0,0
"416","Upogebia pugettensis","species","Arthropoda","Malacostraca","Decapoda","Upogebiidae","Upogebia",1,0,0,0,1,0,0,0
"417","Urosalpinx cinerea","species","Mollusca","Gastropoda","Neogastropoda","Muricidae","Urosalpinx",26,10,0,0,26,10,0,0
"418","Zalembius rosaceus","species","Chordata","Actinopterygii","Ovalentaria","Embiotocidae","Zalembius",12,11,10,10,9,8,7,7
"419","Dipolydora socialis","species","Annelida","Polychaeta","Spionida","Spionidae","Dipolydora",3,1,1,1,2,0,0,0
"420","Laonice nuchala","species","Annelida","Polychaeta","Spionida","Spionidae","Laonice",2,2,2,2,1,1,1,1
"421","Paraprionospio alata","species","Annelida","Polychaeta","Spionida","Spionidae","Paraprionospio",30,14,8,8,24,8,4,4
"422","Cerebratulus californiensis","species","Nemertea","Pilidiophora","Heteronemertea","Lineidae","Cerebratulus",17,17,1,1,16,16,0,0
"423","Chaetozone columbiana","species","Annelida","Polychaeta","Terebellida","Cirratulidae","Chaetozone",1,1,1,1,0,0,0,0
"424","Megangulus bodegensis","species","Mollusca","Bivalvia","Cardiida","Tellinidae","Megangulus",9,9,0,0,8,8,0,0
"425","Alitta succinea","species","Annelida","Polychaeta","Phyllodocida","Nereididae","Alitta",1,0,0,0,1,0,0,0
"426","Neanthes acuminata","species","Annelida","Polychaeta","Phyllodocida","Nereididae","Neanthes",71,60,54,54,71,60,54,54
"427","Platynereis bicanaliculata","species","Annelida","Polychaeta","Phyllodocida","Nereididae","Platynereis",74,33,1,1,70,30,1,1
"428","Magelona sacculata","species","Annelida","Polychaeta","Spionida","Magelonidae","Magelona",10,10,10,10,9,9,9,9
"429","Aphelochaeta glandaria","species","Annelida","Polychaeta","Terebellida","Cirratulidae","Aphelochaeta",5,5,0,0,5,5,0,0
"430","Amphideutopus oculatus","species","Arthropoda","Malacostraca","Amphipoda","Kamakidae","Amphideutopus",4,4,4,4,3,3,3,3
"431","Chaetozone corona","species","Annelida","Polychaeta","Terebellida","Cirratulidae","Chaetozone",1,1,1,1,0,0,0,0
"432","Amaeana occidentalis","species","Annelida","Polychaeta","Terebellida","Terebellidae","Amaeana",21,1,1,1,21,1,1,1
"433","Carinoma mutabilis","species","Nemertea","Palaeonemertea","Carinomiformes","Carinomidae","Carinoma",12,9,2,2,11,8,1,1
"434","Diopatra ornata","species","Annelida","Polychaeta","Eunicida","Onuphidae","Diopatra",8,8,1,1,4,4,1,1
"435","Hartmanodes hartmanae","species","Arthropoda","Malacostraca","Amphipoda","Oedicerotidae","Hartmanodes",12,1,1,1,6,1,1,1
"436","Ampharete labrops","species","Annelida","Polychaeta","Terebellida","Ampharetidae","Ampharete",6,2,1,1,4,1,0,0
"437","Pseudopolydora paucibranchiata","species","Annelida","Polychaeta","Spionida","Spionidae","Pseudopolydora",7,0,0,0,7,0,0,0
"438","Goniada littorea","species","Annelida","Polychaeta","Phyllodocida","Goniadidae","Goniada",3,3,3,3,1,1,1,1
"439","Petaloclymene pacifica","species","Annelida","Polychaeta",NA,"Maldanidae","Petaloclymene",1,1,1,1,0,0,0,0
"440","Ampelisca brevisimulata","species","Arthropoda","Malacostraca","Amphipoda","Ampeliscidae","Ampelisca",3,3,3,3,2,2,2,2
"441","Amphicteis scaphobranchiata","species","Annelida","Polychaeta","Terebellida","Ampharetidae","Amphicteis",1,1,1,1,1,1,1,1
"442","Caprella californica","species","Arthropoda","Malacostraca","Amphipoda","Caprellidae","Caprella",43,15,2,2,43,15,2,2
"443","Lumbrineris japonica","species","Annelida","Polychaeta","Eunicida","Lumbrineridae","Lumbrineris",26,2,2,2,25,2,2,2
"444","Macoploma yoldiformis","species","Mollusca","Bivalvia","Cardiida","Tellinidae","Macoploma",7,7,0,0,7,7,0,0
"445","Marphysa disjuncta","species","Annelida","Polychaeta","Eunicida","Eunicidae","Marphysa",4,3,3,3,2,1,1,1
"446","Notomastus hemipodus","species","Annelida","Polychaeta",NA,"Capitellidae","Notomastus",2,2,0,0,0,0,0,0
"447","Photis bifurcata","species","Arthropoda","Malacostraca","Amphipoda","Photidae","Photis",2,0,0,0,2,0,0,0
"448","Ampelisca brachycladus","species","Arthropoda","Malacostraca","Amphipoda","Ampeliscidae","Ampelisca",3,3,3,3,3,3,3,3
"449","Caecognathia crenulatifrons","species","Arthropoda","Malacostraca","Isopoda","Gnathiidae","Caecognathia",6,6,6,6,5,5,5,5
"450","Eupolymnia heterobranchia","species","Annelida","Polychaeta","Terebellida","Terebellidae","Eupolymnia",3,0,0,0,3,0,0,0
"451","Laonice cirrata","species","Annelida","Polychaeta","Spionida","Spionidae","Laonice",37,11,5,5,35,9,4,4
"452","Lyonsia californica","species","Mollusca","Bivalvia",NA,"Lyonsiidae","Lyonsia",2,2,1,1,1,1,0,0
"453","Spiochaetopterus costarum","species","Annelida","Polychaeta",NA,"Chaetopteridae","Spiochaetopterus",1,0,0,0,1,0,0,0
"454","Spiophanes duplex","species","Annelida","Polychaeta","Spionida","Spionidae","Spiophanes",5,0,0,0,5,0,0,0
"455","Stylatula elongata","species","Cnidaria","Anthozoa","Pennatulacea","Virgulariidae","Stylatula",18,2,0,0,9,2,0,0
"456","Thysanocardia nigra","species","Annelida","Sipuncula","Golfingiida","Golfingiidae","Thysanocardia",20,5,1,1,19,4,1,1
"457","Tubulanus polymorphus","species","Nemertea","Palaeonemertea","Tubulaniformes","Tubulanidae","Tubulanus",8,4,4,4,8,4,4,4
"458","Sinocorophium heteroceratum","species","Arthropoda","Malacostraca","Amphipoda","Corophiidae","Sinocorophium",1,1,1,1,1,1,1,1
"459","Euphilomedes carcharodonta","species","Arthropoda","Ostracoda","Myodocopida","Philomedidae","Euphilomedes",19,19,15,15,16,16,13,13
"460","Leitoscoloplos pugettensis","species","Annelida","Polychaeta","Polychaeta_incertae_sedis","Orbiniidae","Leitoscoloplos",39,6,4,4,39,6,4,4
"461","Poecilochaetus martini","species","Annelida","Polychaeta","Spionida","Poecilochaetidae","Poecilochaetus",1,0,0,0,1,0,0,0
"462","Prionospio lighti","species","Annelida","Polychaeta","Spionida","Spionidae","Prionospio",5,5,0,0,5,5,0,0
"463","Spiophanes norrisi","species","Annelida","Polychaeta","Spionida","Spionidae","Spiophanes",26,15,13,13,22,11,9,9
"464","Tenonia priops","species","Annelida","Polychaeta","Phyllodocida","Polynoidae","Tenonia",2,2,2,2,1,1,1,1
"465","Theora lubrica","species","Mollusca","Bivalvia","Cardiida","Semelidae","Theora",3,1,1,1,1,0,0,0
"466","Amphiodia urtica","species","Echinodermata","Ophiuroidea","Amphilepidida","Amphiuridae","Amphiodia",13,11,9,9,11,9,7,7
"467","Glycera americana","species","Annelida","Polychaeta","Phyllodocida","Glyceridae","Glycera",14,12,5,5,11,9,3,3
"468","Yokoyamaia ornatissima","species","Mollusca","Gastropoda","Cephalaspidea","Philinidae","Yokoyamaia",1,0,0,0,1,0,0,0
"469","Cerebratulus marginatus","species","Nemertea","Pilidiophora","Heteronemertea","Lineidae","Cerebratulus",1,0,0,0,1,0,0,0
"470","Gadila aberrans","species","Mollusca","Scaphopoda","Gadilida","Gadilidae","Gadila",2,0,0,0,2,0,0,0
"471","Prionospio jubata","species","Annelida","Polychaeta","Spionida","Spionidae","Prionospio",4,4,4,4,2,2,2,2
"472","Thyasira flexuosa","species","Mollusca","Bivalvia","Lucinida","Thyasiridae","Thyasira",19,7,5,5,11,4,4,4
"473","Zygonemertes virescens","species","Nemertea","Hoplonemertea","Monostilifera","Amphiporidae","Zygonemertes",3,0,0,0,3,0,0,0
"474","Melinna oculata","species","Annelida","Polychaeta","Terebellida","Ampharetidae","Melinna",3,3,2,2,2,2,1,1
"475","Cylichna diegensis","species","Mollusca","Gastropoda","Cephalaspidea","Cylichnidae","Cylichna",2,2,2,2,2,2,2,2
"476","Hippolyte clarki","species","Arthropoda","Malacostraca","Decapoda","Hippolytidae","Hippolyte",16,7,5,5,16,7,5,5
"477","Neverita reclusiana","species","Mollusca","Gastropoda","Littorinimorpha","Naticidae","Neverita",1,0,0,0,1,0,0,0
"478","Volvulella panamica","species","Mollusca","Gastropoda","Cephalaspidea","Rhizoridae","Volvulella",1,1,1,1,0,0,0,0
"479","Aphelochaeta petersenae","species","Annelida","Polychaeta","Terebellida","Cirratulidae","Aphelochaeta",2,2,2,2,2,2,2,2
"480","Goniada maculata","species","Annelida","Polychaeta","Phyllodocida","Goniadidae","Goniada",48,4,4,4,48,4,4,4
"481","Ninoe tridentata","species","Annelida","Polychaeta","Eunicida","Lumbrineridae","Ninoe",1,1,1,1,1,1,1,1
"482","Parvilucina tenuisculpta","species","Mollusca","Bivalvia","Lucinida","Lucinidae","Parvilucina",12,12,7,7,11,11,6,6
"483","Compsomyax subdiaphana","species","Mollusca","Bivalvia","Venerida","Veneridae","Compsomyax",3,3,0,0,2,2,0,0
"484","Cooperella subdiaphana","species","Mollusca","Bivalvia","Venerida","Veneridae","Cooperella",1,1,1,1,0,0,0,0
"485","Sternaspis affinis","species","Annelida","Polychaeta","Terebellida","Sternaspidae","Sternaspis",12,7,0,0,11,6,0,0
"486","Sthenelanella uniformis","species","Annelida","Polychaeta","Phyllodocida","Sigalionidae","Sthenelanella",8,7,7,7,7,6,6,6
"487","Gymnonereis crosslandi","species","Annelida","Polychaeta","Phyllodocida","Nereididae","Gymnonereis",3,0,0,0,3,0,0,0
"488","Levinsenia gracilis","species","Annelida","Polychaeta","Polychaeta_incertae_sedis","Paraonidae","Levinsenia",20,5,0,0,18,3,0,0
"489","Pista brevibranchiata","species","Annelida","Polychaeta","Terebellida","Terebellidae","Pista",11,6,1,1,11,6,1,1
"490","Spiophanes berkeleyorum","species","Annelida","Polychaeta","Spionida","Spionidae","Spiophanes",22,17,12,12,18,13,8,8
"491","Aphelochaeta monilaris","species","Annelida","Polychaeta","Terebellida","Cirratulidae","Aphelochaeta",2,2,0,0,2,2,0,0
"492","Bipalponephtys cornuta","species","Annelida","Polychaeta","Phyllodocida","Nephtyidae","Bipalponephtys",5,5,1,1,5,5,1,1
"493","Rictaxis punctocaelatus","species","Mollusca","Gastropoda","Gastropoda_order_incertae_sedis","Acteonidae","Rictaxis",2,2,2,2,2,2,2,2
"494","Lumbrineris cruzensis","species","Annelida","Polychaeta","Eunicida","Lumbrineridae","Lumbrineris",17,7,2,2,16,6,2,2
"495","Neotrypaea gigas","species","Arthropoda","Malacostraca","Decapoda","Callianassidae","Neotrypaea",5,4,0,0,5,4,0,0
"496","Pectinaria californiensis","species","Annelida","Polychaeta","Terebellida","Pectinariidae","Pectinaria",9,9,4,4,5,5,2,2
"497","Poecilochaetus johnsoni","species","Annelida","Polychaeta","Spionida","Poecilochaetidae","Poecilochaetus",1,1,1,1,1,1,1,1
"498","Heterophoxus oculatus","species","Arthropoda","Malacostraca","Amphipoda","Phoxocephalidae","Heterophoxus",3,3,3,3,2,2,2,2
"499","Amage anops","species","Annelida","Polychaeta","Terebellida","Ampharetidae","Amage",4,4,1,1,0,0,0,0
"500","Amphisamytha bioculata","species","Annelida","Polychaeta","Terebellida","Ampharetidae","Amphisamytha",2,1,0,0,2,1,0,0
"501","Sthenelais tertiaglabra","species","Annelida","Polychaeta","Phyllodocida","Sigalionidae","Sthenelais",5,5,2,2,5,5,2,2
"502","Monocorophium acherusicum","species","Arthropoda","Malacostraca","Amphipoda","Corophiidae","Monocorophium",2,0,0,0,2,0,0,0
"503","Foxiphalus golfensis","species","Arthropoda","Malacostraca","Amphipoda","Phoxocephalidae","Foxiphalus",1,1,1,1,1,1,1,1
"504","Grandidierella japonica","species","Arthropoda","Malacostraca","Amphipoda","Aoridae","Grandidierella",348,4,3,3,346,4,3,3
"505","Paranemertes californica","species","Nemertea","Hoplonemertea","Monostilifera","Emplectonematidae","Paranemertes",15,15,0,0,15,15,0,0
"506","Crepipatella lingulata","species","Mollusca","Gastropoda","Littorinimorpha","Calyptraeidae","Crepipatella",111,57,56,56,98,48,47,47
"507","Glycinde armigera","species","Annelida","Polychaeta","Phyllodocida","Goniadidae","Glycinde",10,8,6,6,8,7,5,5
"508","Monocorophium insidiosum","species","Arthropoda","Malacostraca","Amphipoda","Corophiidae","Monocorophium",8,0,0,0,8,0,0,0
"509","Notomastus tenuis","species","Annelida","Polychaeta",NA,"Capitellidae","Notomastus",2,2,0,0,0,0,0,0
"510","Pinnixa longipes","species","Arthropoda","Malacostraca","Decapoda","Pinnotheridae","Pinnixa",1,1,1,1,1,1,1,1
"511","Solen sicarius","species","Mollusca","Bivalvia","Adapedonta","Solenidae","Solen",4,4,1,1,2,2,1,1
"512","Zygeupolia rubens","species","Nemertea","Pilidiophora","Heteronemertea","Lineidae","Zygeupolia",11,2,0,0,4,2,0,0
"513","Paracerceis sculpta","species","Arthropoda","Malacostraca","Isopoda","Sphaeromatidae","Paracerceis",28,25,25,25,19,16,16,16
"514","Barleeia haliotiphila","species","Mollusca","Gastropoda","Littorinimorpha","Barleeiidae","Barleeia",2,0,0,0,1,0,0,0
"515","Exogone dwisula","species","Annelida","Polychaeta","Phyllodocida","Syllidae","Exogone",3,3,0,0,0,0,0,0
"516","Amphipholis squamata","species","Echinodermata","Ophiuroidea","Amphilepidida","Amphiuridae","Amphipholis",65,22,4,4,53,21,4,4
"517","Caprella simia","species","Arthropoda","Malacostraca","Amphipoda","Caprellidae","Caprella",14,14,0,0,14,14,0,0
"518","Armandia brevis","species","Annelida","Polychaeta","Opheliida","Opheliidae","Armandia",21,12,0,0,21,12,0,0
"519","Plesiocystiscus politulus","species","Mollusca","Gastropoda","Neogastropoda","Cystiscidae","Plesiocystiscus",6,0,0,0,3,0,0,0
"520","Baseodiscus delineatus","species","Nemertea","Pilidiophora","Heteronemertea","Valenciniidae","Baseodiscus",9,7,0,0,6,5,0,0
"521","Protohyale frequens","species","Arthropoda","Malacostraca","Amphipoda","Hyalidae","Protohyale",2,2,2,2,2,2,2,2
"522","Ericthonius brasiliensis","species","Arthropoda","Malacostraca","Amphipoda","Ischyroceridae","Ericthonius",5,3,3,3,5,3,3,3
"523","Megasyllis nipponica","species","Annelida","Polychaeta","Phyllodocida","Syllidae","Megasyllis",2,0,0,0,2,0,0,0
"524","Paranthura japonica","species","Arthropoda","Malacostraca","Isopoda","Paranthuridae","Paranthura",2,0,0,0,2,0,0,0
"525","Romaleon branneri","species","Arthropoda","Malacostraca","Decapoda","Cancridae","Romaleon",8,0,0,0,5,0,0,0
"526","Zeuxo normani","species","Arthropoda","Malacostraca","Tanaidacea","Tanaididae","Zeuxo",1,0,0,0,1,0,0,0
"527","Odontosyllis phosphorea","species","Annelida","Polychaeta","Phyllodocida","Syllidae","Odontosyllis",15,1,1,1,15,1,1,1
"528","Aplysiopsis enteromorphae","species","Mollusca","Gastropoda",NA,"Hermaeidae","Aplysiopsis",10,10,9,9,10,10,9,9
"529","Exogone lourei","species","Annelida","Polychaeta","Phyllodocida","Syllidae","Exogone",2,2,0,0,0,0,0,0
"530","Capitella capitata","species","Annelida","Polychaeta",NA,"Capitellidae","Capitella",39,6,3,3,35,2,2,2
"531","Armina californica","species","Mollusca","Gastropoda","Nudibranchia","Arminidae","Armina",4,0,0,0,4,0,0,0
"532","Micropodarke dubia","species","Annelida","Polychaeta","Phyllodocida","Hesionidae","Micropodarke",16,6,0,0,15,6,0,0
"533","Nassarius mendicus","species","Mollusca","Gastropoda","Neogastropoda","Nassariidae","Nassarius",35,6,0,0,21,5,0,0
"534","Oxydromus pugettensis","species","Annelida","Polychaeta","Phyllodocida","Hesionidae","Oxydromus",34,4,0,0,33,4,0,0
"535","Gibberosus myersi","species","Arthropoda","Malacostraca","Amphipoda","Megaluropidae","Gibberosus",1,1,1,1,0,0,0,0
"536","Nephtys californiensis","species","Annelida","Polychaeta","Phyllodocida","Nephtyidae","Nephtys",9,9,9,9,8,8,8,8
"537","Anoplodactylus erectus","species","Arthropoda","Pycnogonida","Pantopoda","Phoxichilidiidae","Anoplodactylus",1,0,0,0,1,0,0,0
"538","Molpadia arenicola","species","Echinodermata","Holothuroidea","Molpadida","Molpadiidae","Molpadia",1,1,1,1,1,1,1,1
"539","Ophelia limacina","species","Annelida","Polychaeta","Opheliida","Opheliidae","Ophelia",1,0,0,0,1,0,0,0
"540","Phtisica marina","species","Arthropoda","Malacostraca","Amphipoda","Caprellidae","Phtisica",8,0,0,0,7,0,0,0
"541","Crucibulum spinosum","species","Mollusca","Gastropoda","Littorinimorpha","Calyptraeidae","Crucibulum",23,23,16,16,23,23,16,16
"542","Nassarius tiarula","species","Mollusca","Gastropoda","Neogastropoda","Nassariidae","Nassarius",12,12,12,12,8,8,8,8
"543","Pista wui","species","Annelida","Polychaeta","Terebellida","Terebellidae","Pista",9,4,3,3,6,2,1,1
"544","Aglaja ocelligera","species","Mollusca","Gastropoda","Cephalaspidea","Aglajidae","Aglaja",1,1,1,1,1,1,1,1
"545","Crangon alaskensis","species","Arthropoda","Malacostraca","Decapoda","Crangonidae","Crangon",6,0,0,0,6,0,0,0
"546","Glycera nana","species","Annelida","Polychaeta","Phyllodocida","Glyceridae","Glycera",45,33,9,9,41,30,7,7
"547","Lumbrineris latreilli","species","Annelida","Polychaeta","Eunicida","Lumbrineridae","Lumbrineris",4,1,1,1,3,0,0,0
"548","Kurtiella tumida","species","Mollusca","Bivalvia","Galeommatida","Lasaeidae","Kurtiella",4,4,0,0,4,4,0,0
"549","Naineris dendritica","species","Annelida","Polychaeta","Polychaeta_incertae_sedis","Orbiniidae","Naineris",30,30,27,27,30,30,27,27
"550","Podarkeopsis glabrus","species","Annelida","Polychaeta","Phyllodocida","Hesionidae","Podarkeopsis",6,6,1,1,6,6,1,1
"551","Hemipodia simplex","species","Annelida","Polychaeta","Phyllodocida","Glyceridae","Hemipodia",15,13,13,13,14,13,13,13
"552","Protodorvillea gracilis","species","Annelida","Polychaeta","Eunicida","Dorvilleidae","Protodorvillea",3,0,0,0,2,0,0,0
"553","Tetrastemma candidum","species","Nemertea","Hoplonemertea","Monostilifera","Tetrastemmatidae","Tetrastemma",6,0,0,0,6,0,0,0
"554","Apionsoma misakianum","species","Annelida","Sipuncula","Phascolosomatida","Phascolosomatidae","Apionsoma",7,3,0,0,7,3,0,0
"555","Pherusa neopapillata","species","Annelida","Polychaeta","Terebellida","Flabelligeridae","Pherusa",2,2,2,2,1,1,1,1
"556","Phyllodoce medipapillata","species","Annelida","Polychaeta","Phyllodocida","Phyllodocidae","Phyllodoce",22,0,0,0,22,0,0,0
"557","Pyromaia tuberculata","species","Arthropoda","Malacostraca","Decapoda","Inachoididae","Pyromaia",22,0,0,0,22,0,0,0
"558","Ciona robusta","species","Chordata","Ascidiacea","Phlebobranchia","Cionidae","Ciona",52,1,0,0,52,1,0,0
"559","Crepidula onyx","species","Mollusca","Gastropoda","Littorinimorpha","Calyptraeidae","Crepidula",61,56,56,56,60,55,55,55
"560","Nephtys caecoides","species","Annelida","Polychaeta","Phyllodocida","Nephtyidae","Nephtys",20,20,17,17,4,4,4,4
"561","Harmothoe imbricata","species","Annelida","Polychaeta","Phyllodocida","Polynoidae","Harmothoe",143,45,2,2,138,41,1,1
"562","Harmothoe fragilis","species","Annelida","Polychaeta","Phyllodocida","Polynoidae","Harmothoe",10,1,0,0,9,1,0,0
"563","Styela plicata","species","Chordata","Ascidiacea","Stolidobranchia","Styelidae","Styela",124,21,2,2,116,21,2,2
"564","Syllis gracilis","species","Annelida","Polychaeta","Phyllodocida","Syllidae","Syllis",42,2,0,0,42,2,0,0
"565","Decamastus gracilis","species","Annelida","Polychaeta",NA,"Capitellidae","Decamastus",8,8,2,2,0,0,0,0
"566","Tectura depicta","species","Mollusca","Gastropoda",NA,"Lottiidae","Tectura",1,1,1,1,0,0,0,0
"567","Ampithoe longimana","species","Arthropoda","Malacostraca","Amphipoda","Ampithoidae","Ampithoe",36,4,0,0,36,4,0,0
"568","Leucothoe alata","species","Arthropoda","Malacostraca","Amphipoda","Leucothoidae","Leucothoe",2,0,0,0,2,0,0,0
"569","Maculaura alaskensis","species","Nemertea","Pilidiophora","Heteronemertea","Lineidae","Maculaura",58,57,0,0,58,57,0,0
"570","Photis brevipes","species","Arthropoda","Malacostraca","Amphipoda","Photidae","Photis",1,1,1,1,0,0,0,0
"571","Polydora cornuta","species","Annelida","Polychaeta","Spionida","Spionidae","Polydora",37,17,0,0,37,17,0,0
"572","Caulleriella pacifica","species","Annelida","Polychaeta","Terebellida","Cirratulidae","Caulleriella",5,5,0,0,5,5,0,0
"573","Scoloplos acmeceps","species","Annelida","Polychaeta","Polychaeta_incertae_sedis","Orbiniidae","Scoloplos",2,0,0,0,2,0,0,0
"574","Boccardiella hamata","species","Annelida","Polychaeta","Spionida","Spionidae","Boccardiella",18,7,0,0,11,0,0,0
"575","Paradialychone ecaudata","species","Annelida","Polychaeta","Sabellida","Sabellidae","Paradialychone",1,0,0,0,1,0,0,0
"576","Spio filicornis","species","Annelida","Polychaeta","Spionida","Spionidae","Spio",2,0,0,0,2,0,0,0
"577","Oerstedia dorsalis","species","Nemertea","Hoplonemertea","Monostilifera","Oerstediidae","Oerstedia",83,0,0,0,83,0,0,0
"578","Streblospio benedicti","species","Annelida","Polychaeta","Spionida","Spionidae","Streblospio",54,12,0,0,54,12,0,0
"579","Arabella iricolor","species","Annelida","Polychaeta","Eunicida","Oenonidae","Arabella",8,7,0,0,7,6,0,0
"580","Laomedea calceolifera","species","Cnidaria","Hydrozoa","Leptothecata","Campanulariidae","Laomedea",6,5,0,0,6,5,0,0
"581","Californiconus californicus","species","Mollusca","Gastropoda","Neogastropoda","Conidae","Californiconus",25,17,17,17,18,10,10,10
"582","Ophiactis simplex","species","Echinodermata","Ophiuroidea","Amphilepidida","Ophiactidae","Ophiactis",45,2,2,2,45,2,2,2
"583","Styela truncata","species","Chordata","Ascidiacea","Stolidobranchia","Styelidae","Styela",5,4,0,0,4,4,0,0
"584","Branchiosyllis exilis","species","Annelida","Polychaeta","Phyllodocida","Syllidae","Branchiosyllis",2,0,0,0,2,0,0,0
"585","Halosydna johnsoni","species","Annelida","Polychaeta","Phyllodocida","Polynoidae","Halosydna",4,0,0,0,4,0,0,0
"586","Haminoea virescens","species","Mollusca","Gastropoda","Cephalaspidea","Haminoeidae","Haminoea",11,3,3,3,11,3,3,3
"587","Saxidomus nuttalli","species","Mollusca","Bivalvia","Venerida","Veneridae","Saxidomus",4,4,0,0,4,4,0,0
"588","Edotia sublittoralis","species","Arthropoda","Malacostraca","Isopoda","Idoteidae","Edotia",2,2,2,2,2,2,2,2
"589","Acteocina harpa","species","Mollusca","Gastropoda","Cephalaspidea","Tornatinidae","Acteocina",3,0,0,0,0,0,0,0
"590","Argopecten ventricosus","species","Mollusca","Bivalvia","Pectinida","Pectinidae","Argopecten",1,0,0,0,1,0,0,0
"591","Octopus bimaculoides","species","Mollusca","Cephalopoda","Octopoda","Octopodidae","Octopus",30,3,3,3,30,3,3,3
"592","Polyophthalmus pictus","species","Annelida","Polychaeta","Opheliida","Opheliidae","Polyophthalmus",1,0,0,0,1,0,0,0
"593","Lasaea adansoni","species","Mollusca","Bivalvia","Galeommatida","Lasaeidae","Lasaea",3,0,0,0,3,0,0,0
"594","Malacoplax californiensis","species","Arthropoda","Malacostraca","Decapoda","Panopeidae","Malacoplax",1,0,0,0,1,0,0,0
"595","Pyramidella adamsi","species","Mollusca","Gastropoda",NA,"Pyramidellidae","Pyramidella",9,9,9,9,9,9,9,9
"596","Ampithoe valida","species","Arthropoda","Malacostraca","Amphipoda","Ampithoidae","Ampithoe",86,19,3,3,86,19,3,3
"597","Alderia willowi","species","Mollusca","Gastropoda",NA,"Limapontiidae","Alderia",64,2,1,1,64,2,1,1
"598","Pontogeneia rostrata","species","Arthropoda","Malacostraca","Amphipoda","Pontogeneiidae","Pontogeneia",13,2,2,2,6,2,2,2
"599","Monocorophium uenoi","species","Arthropoda","Malacostraca","Amphipoda","Corophiidae","Monocorophium",1,1,0,0,1,1,0,0
"600","Scoloplos armiger","species","Annelida","Polychaeta","Polychaeta_incertae_sedis","Orbiniidae","Scoloplos",71,19,3,3,69,19,3,3
"601","Aricidea catherinae","species","Annelida","Polychaeta","Polychaeta_incertae_sedis","Paraonidae","Aricidea",9,8,2,2,7,6,1,1
"602","Alienacanthomysis macropsis","species","Arthropoda","Malacostraca","Mysida","Mysidae","Alienacanthomysis",6,0,0,0,6,0,0,0
"603","Ampithoe plumulosa","species","Arthropoda","Malacostraca","Amphipoda","Ampithoidae","Ampithoe",6,1,1,1,6,1,1,1
"604","Odontosyllis enopla","species","Annelida","Polychaeta","Phyllodocida","Syllidae","Odontosyllis",1,0,0,0,1,0,0,0
"605","Limaria hemphilli","species","Mollusca","Bivalvia","Limida","Limidae","Limaria",3,0,0,0,3,0,0,0
"606","Amphiodia psara","species","Echinodermata","Ophiuroidea","Amphilepidida","Amphiuridae","Amphiodia",1,0,0,0,1,0,0,0
"607","Haplosyllis spongicola","species","Annelida","Polychaeta","Phyllodocida","Syllidae","Haplosyllis",1,0,0,0,1,0,0,0
"608","Naineris quadricuspida","species","Annelida","Polychaeta","Polychaeta_incertae_sedis","Orbiniidae","Naineris",27,23,0,0,27,23,0,0
"609","Pholoe glabra","species","Annelida","Polychaeta","Phyllodocida","Pholoidae","Pholoe",8,8,8,8,4,4,4,4
"610","Syllis heterochaeta","species","Annelida","Polychaeta","Phyllodocida","Syllidae","Syllis",1,1,0,0,1,1,0,0
"611","Astragalus pycnostachyus","species","Tracheophyta","Magnoliopsida","Fabales","Fabaceae","Astragalus",0,0,0,0,0,0,0,0
"612","Chaetomorpha spiralis","species","Chlorophyta","Ulvophyceae","Cladophorales","Cladophoraceae","Chaetomorpha",0,0,0,0,0,0,0,0
"613","Equisetum ferrissii","species","Tracheophyta","Polypodiopsida","Equisetales","Equisetaceae","Equisetum",0,0,0,0,0,0,0,0
"614","Grindelia stricta","species","Tracheophyta","Magnoliopsida","Asterales","Asteraceae","Grindelia",0,0,0,0,0,0,0,0
"615","Polygonum marinense","species","Tracheophyta","Magnoliopsida","Caryophyllales","Polygonaceae","Polygonum",0,0,0,0,0,0,0,0
"616","Pyrrocoma racemosa","species","Tracheophyta","Magnoliopsida","Asterales","Asteraceae","Pyrrocoma",0,0,0,0,0,0,0,0
"617","Sporobolus foliosus","species","Tracheophyta","Liliopsida","Poales","Poaceae","Sporobolus",0,0,0,0,0,0,0,0
"618","Suaeda californica","species","Tracheophyta","Magnoliopsida","Caryophyllales","Amaranthaceae","Suaeda",0,0,0,0,0,0,0,0
"619","Zeltnera trichantha","species","Tracheophyta","Magnoliopsida","Gentianales","Gentianaceae","Zeltnera",0,0,0,0,0,0,0,0
"620","Brachygenys californiensis","species","Chordata",NA,"Perciformes","Haemulidae","Haemulon",0,0,0,0,0,0,0,0
"621","Ilypnus gilberti","species","Chordata",NA,"Perciformes","Gobiidae","Ilypnus",0,0,0,0,0,0,0,0
"622","Acteocina inculta","species","Mollusca","Gastropoda","Cephalaspidea","Tornatinidae","Acteocina",0,0,0,0,0,0,0,0
"623","Amphiodia periercta","species","Echinodermata","Ophiuroidea","Amphilepidida","Amphiuridae","Amphiodia",0,0,0,0,0,0,0,0
"624","Boonea bisuturalis","species","Mollusca","Gastropoda",NA,"Pyramidellidae","Boonea",0,0,0,0,0,0,0,0
"625","Catriona rickettsi","species","Mollusca","Gastropoda","Nudibranchia","Trinchesiidae","Catriona",0,0,0,0,0,0,0,0
"626","Chione californiensis","species","Mollusca","Bivalvia","Venerida","Veneridae","Chione",0,0,0,0,0,0,0,0
"627","Chionista fluctifraga","species","Mollusca","Bivalvia","Venerida","Veneridae","Chionista",0,0,0,0,0,0,0,0
"628","Chione undatella","species","Mollusca","Bivalvia","Venerida","Veneridae","Chione",0,0,0,0,0,0,0,0
"629","Hermosilla azurea","species","Chordata",NA,"Perciformes","Kyphosidae","Kyphosus",0,0,0,0,0,0,0,0
"630","Hypsurus caryi","species","Chordata",NA,"Perciformes","Embiotocidae","Hypsurus",0,0,0,0,0,0,0,0
"631","Laevicardium substriatum","species","Mollusca","Bivalvia","Cardiida","Cardiidae","Laevicardium",0,0,0,0,0,0,0,0
"632","Lampetra tridentata","species","Chordata","Petromyzonti","Petromyzontiformes","Petromyzontidae","Entosphenus",0,0,0,0,0,0,0,0
"633","Laternula gracilis","species","Mollusca","Bivalvia",NA,"Laternulidae","Laternula",0,0,0,0,0,0,0,0
"634","Leostyletus misakiensis","species","Mollusca","Gastropoda","Nudibranchia","Eubranchidae","Leostyletus",0,0,0,0,0,0,0,0
"635","Lirobittium quadrifilatum","species","Mollusca","Gastropoda",NA,"Cerithiidae","Lirobittium",0,0,0,0,0,0,0,0
"636","Okenia eolida","species","Mollusca","Gastropoda","Nudibranchia","Goniodorididae","Okenia",0,0,0,0,0,0,0,0
"637","Philine orientalis","species","Mollusca","Gastropoda","Cephalaspidea","Philinidae","Philine",0,0,0,0,0,0,0,0
"638","Potamocorbula amurensis","species","Mollusca","Bivalvia","Myida","Corbulidae","Potamocorbula",0,0,0,0,0,0,0,0
"639","Raja inornata","species","Chordata","Elasmobranchii","Rajiformes","Rajidae","Raja",0,0,0,0,0,0,0,0
"640","Pseudobatos productus","species","Chordata","Elasmobranchii","Rhinopristiformes","Rhinobatidae","Pseudobatos",0,0,0,0,0,0,0,0
"641","Symphurus atricaudus","species","Chordata",NA,"Pleuronectiformes","Cynoglossidae","Symphurus",0,0,0,0,0,0,0,0
"642","Tagelus affinis","species","Mollusca","Bivalvia","Cardiida","Solecurtidae","Tagelus",0,0,0,0,0,0,0,0
"643","Tagelus californianus","species","Mollusca","Bivalvia","Cardiida","Solecurtidae","Tagelus",0,0,0,0,0,0,0,0
"644","Photis macinerneyi","species","Arthropoda","Malacostraca","Amphipoda","Photidae","Photis",0,0,0,0,0,0,0,0
"645","Paramicrodeutopus schmitti","species","Arthropoda","Malacostraca","Amphipoda","Aoridae","Paramicrodeutopus",0,0,0,0,0,0,0,0
"646","Polydora cirrosa","species","Annelida","Polychaeta",NA,"Spionidae","Polydora",0,0,0,0,0,0,0,0
"647","Mactrotoma californica","species","Mollusca","Bivalvia","Venerida","Mactridae","Mactrotoma",0,0,0,0,0,0,0,0
"648","Metasychis disparidentata","species","Annelida","Polychaeta",NA,"Maldanidae","Metasychis",0,0,0,0,0,0,0,0
"649","Anotomastus gordiodes","species","Annelida","Polychaeta",NA,"Capitellidae","Anotomastus",0,0,0,0,0,0,0,0
"650","Diopatra tridentata","species","Annelida","Polychaeta","Eunicida","Onuphidae","Diopatra",0,0,0,0,0,0,0,0
"651","Saccella taphria","species","Mollusca","Bivalvia","Nuculanida","Nuculanidae","Saccella",0,0,0,0,0,0,0,0
"652","Asthenothaerus diegensis","species","Mollusca","Bivalvia",NA,"Thraciidae","Asthenothaerus",0,0,0,0,0,0,0,0
"653","Cossura candida","species","Annelida","Polychaeta",NA,"Cossuridae","Cossura",0,0,0,0,0,0,0,0
"654","Metamysidopsis elongata","species","Arthropoda","Malacostraca","Mysida","Mysidae","Metamysidopsis",0,0,0,0,0,0,0,0
"655","Ameritella cadieni","species","Mollusca","Bivalvia","Cardiida","Tellinidae","Ameritella",0,0,0,0,0,0,0,0
"656","Idunella goleta","species","Arthropoda","Malacostraca","Amphipoda","Liljeborgiidae","Idunella",0,0,0,0,0,0,0,0
"657","Euchone limnicola","species","Annelida","Polychaeta","Sabellida","Sabellidae","Euchone",0,0,0,0,0,0,0,0
"658","Microspio pigmentata","species","Annelida","Polychaeta",NA,"Spionidae","Microspio",0,0,0,0,0,0,0,0
"659","Eugyra glutinans","species","Chordata","Ascidiacea","Stolidobranchia","Molgulidae","Eugyra",0,0,0,0,0,0,0,0
"660","Mysidopsis intii","species","Arthropoda","Malacostraca","Mysida","Mysidae","Mysidopsis",0,0,0,0,0,0,0,0
"661","Paradialychone paramollis","species","Annelida","Polychaeta","Sabellida","Sabellidae","Paradialychone",0,0,0,0,0,0,0,0
"662","Vitrinella oldroydi","species","Mollusca","Gastropoda","Littorinimorpha","Vitrinellidae","Vitrinella",0,0,0,0,0,0,0,0
"663","Caryocorbula luteola","species","Mollusca","Bivalvia","Myida","Corbulidae","Caryocorbula",0,0,0,0,0,0,0,0
"664","Periploma discus","species","Mollusca","Bivalvia",NA,"Periplomatidae","Periploma",0,0,0,0,0,0,0,0
"665","Pinnixa franciscana","species","Arthropoda","Malacostraca","Decapoda","Pinnotheridae","Scleroplax",0,0,0,0,0,0,0,0
"666","Kurtiella grippi","species","Mollusca","Bivalvia","Galeommatida","Lasaeidae","Kurtiella",0,0,0,0,0,0,0,0
"667","Acuminodeutopus heteruropus","species","Arthropoda","Malacostraca","Amphipoda","Unciolidae","Acuminodeutopus",0,0,0,0,0,0,0,0
"668","Idunella melanica","species","Arthropoda","Malacostraca","Amphipoda","Liljeborgiidae","Idunella",0,0,0,0,0,0,0,0
"669","Dialychone albocincta","species","Annelida","Polychaeta","Sabellida","Sabellidae","Dialychone",0,0,0,0,0,0,0,0
"670","Rudilemboides stenopropodus","species","Arthropoda","Malacostraca","Amphipoda","Unciolidae","Rudilemboides",0,0,0,0,0,0,0,0
"671","Abranda modestina","species","Mollusca","Bivalvia","Cardiida","Tellinidae","Abranda",0,0,0,0,0,0,0,0
"672","Amage scutata","species","Annelida","Polychaeta",NA,"Ampharetidae","Amage",0,0,0,0,0,0,0,0
"673","Oxyurostylis pacifica","species","Arthropoda","Malacostraca","Cumacea","Diastylidae","Oxyurostylis",0,0,0,0,0,0,0,0
"674","Caryocorbula porcella","species","Mollusca","Bivalvia","Myida","Corbulidae","Caryocorbula",0,0,0,0,0,0,0,0
"675","Edwardsia californica","species","Cnidaria","Anthozoa","Actiniaria","Edwardsiidae","Edwardsia",0,0,0,0,0,0,0,0
"676","Postasterope barnesi","species","Arthropoda","Ostracoda","Myodocopida","Cylindroleberididae","Postasterope",0,0,0,0,0,0,0,0
"677","Netastoma rostratum","species","Mollusca","Bivalvia","Myida","Pholadidae","Netastoma",0,0,0,0,0,0,0,0
"678","Leporimetis obesa","species","Mollusca","Bivalvia","Cardiida","Tellinidae","Leporimetis",0,0,0,0,0,0,0,0
"679","Acteocina carinata","species","Mollusca","Gastropoda","Cephalaspidea","Tornatinidae","Acteocina",0,0,0,0,0,0,0,0
"680","Scolanthus scamiti","species","Cnidaria","Anthozoa","Actiniaria","Edwardsiidae","Scolanthus",0,0,0,0,0,0,0,0
"681","Caecum californicum","species","Mollusca","Gastropoda","Littorinimorpha","Caecidae","Caecum",0,0,0,0,0,0,0,0
"682","Lamispina schmidtii","species","Annelida","Polychaeta",NA,"Flabelligeridae","Lamispina",0,0,0,0,0,0,0,0
"683","Tampaella meropsis","species","Mollusca","Bivalvia","Cardiida","Tellinidae","Tampaella",0,0,0,0,0,0,0,0
"684","Alia aurantiaca","species","Mollusca","Gastropoda","Neogastropoda","Columbellidae","Mitrella",0,0,0,0,0,0,0,0
"685","Nasageneia quinsana","species","Arthropoda","Malacostraca","Amphipoda","Pontogeneiidae","Nasageneia",0,0,0,0,0,0,0,0
"686","Acteocina culcitella","species","Mollusca","Gastropoda","Cephalaspidea","Tornatinidae","Acteocina",0,0,0,0,0,0,0,0
"687","Erichsonella crenulata","species","Arthropoda","Malacostraca","Isopoda","Idoteidae","Erichsonella",0,0,0,0,0,0,0,0
"688","Eteone brigitteae","species","Annelida","Polychaeta","Phyllodocida","Phyllodocidae","Eteone",0,0,0,0,0,0,0,0
"689","Podocerus fulanus","species","Arthropoda","Malacostraca","Amphipoda","Podoceridae","Podocerus",0,0,0,0,0,0,0,0
"690","Prosthiostomum latocelis","species","Platyhelminthes","Turbellaria",NA,"Prosthiostomidae","Prosthiostomum",0,0,0,0,0,0,0,0
"691","Acromegalomma pigmentum","species","Annelida","Polychaeta","Sabellida","Sabellidae","Acromegalomma",0,0,0,0,0,0,0,0
"692","Mayerella acanthopoda","species","Arthropoda","Malacostraca","Amphipoda","Caprellidae","Mayerella",0,0,0,0,0,0,0,0
"693","Fabricinuda limnicola","species","Annelida","Polychaeta","Sabellida","Fabriciidae","Fabricinuda",0,0,0,0,0,0,0,0
"694","Notomastus magnus","species","Annelida","Polychaeta",NA,"Capitellidae","Notomastus",0,0,0,0,0,0,0,0
"695","Philine bakeri","species","Mollusca","Gastropoda","Cephalaspidea","Philinidae","Philine",0,0,0,0,0,0,0,0
"696","Dendraster terminalis","species","Echinodermata","Echinoidea","Echinolampadacea","Dendrasteridae","Dendraster",0,0,0,0,0,0,0,0
"697","Hornellia occidentalis","species","Arthropoda","Malacostraca","Amphipoda","Hornelliidae","Hornellia",0,0,0,0,0,0,0,0
"698","Apolochus barnardi","species","Arthropoda","Malacostraca","Amphipoda","Amphilochidae","Apolochus",0,0,0,0,0,0,0,0
"699","Lophopanopeus frontalis","species","Arthropoda","Malacostraca","Decapoda","Panopeidae","Lophopanopeus",0,0,0,0,0,0,0,0
"700","Rhepoxynius lucubrans","species","Arthropoda","Malacostraca","Amphipoda","Phoxocephalidae","Rhepoxynius",0,0,0,0,0,0,0,0
"701","Rhepoxynius menziesi","species","Arthropoda","Malacostraca","Amphipoda","Phoxocephalidae","Rhepoxynius",0,0,0,0,0,0,0,0
"702","Eohaustorius barnardi","species","Arthropoda","Malacostraca","Amphipoda","Haustoriidae","Eohaustorius",0,0,0,0,0,0,0,0
"703","Campylaspis rubromaculata","species","Arthropoda","Malacostraca","Cumacea","Nannastacidae","Campylaspis",0,0,0,0,0,0,0,0
"704","Tubulanus cingulatus","species","Nemertea","Palaeonemertea",NA,"Tubulanidae","Tubulanus",0,0,0,0,0,0,0,0
"705","Alpheus californiensis","species","Arthropoda","Malacostraca","Decapoda","Alpheidae","Alpheus",0,0,0,0,0,0,0,0
"706","Aruga holmesi","species","Arthropoda","Malacostraca","Amphipoda","Lysianassidae","Aruga",0,0,0,0,0,0,0,0
"707","Piromis capulata","species","Annelida","Polychaeta",NA,"Flabelligeridae","Pherusa",0,0,0,0,0,0,0,0
"708","Betaeus ensenadensis","species","Arthropoda","Malacostraca","Decapoda","Alpheidae","Betaeus",0,0,0,0,0,0,0,0
"709","Solen rostriformis","species","Mollusca","Bivalvia","Adapedonta","Solenidae","Solen",0,0,0,0,0,0,0,0
"710","Ambidexter panamensis","species","Arthropoda","Malacostraca","Decapoda","Processidae","Ambidexter",0,0,0,0,0,0,0,0
"711","Leukoma laciniata","species","Mollusca","Bivalvia","Venerida","Veneridae","Leukoma",0,0,0,0,0,0,0,0
"712","Cyathura munda","species","Arthropoda","Malacostraca","Isopoda","Anthuridae","Cyathura",0,0,0,0,0,0,0,0
"713","Rutiderma rotundum","species","Arthropoda","Ostracoda","Myodocopida","Rutidermatidae","Rutiderma",0,0,0,0,0,0,0,0
"714","Diplodonta sericata","species","Mollusca","Bivalvia","Venerida","Ungulinidae","Felaniella",0,0,0,0,0,0,0,0
"715","Rhepoxynius heterocuspidatus","species","Arthropoda","Malacostraca","Amphipoda","Phoxocephalidae","Rhepoxynius",0,0,0,0,0,0,0,0
"716","Hesionella mccullochae","species","Annelida","Polychaeta","Phyllodocida","Microphthalmidae","Hesionella",0,0,0,0,0,0,0,0
"717","Mesokalliapseudes crassus","species","Arthropoda","Malacostraca","Tanaidacea","Kalliapseudidae","Mesokalliapseudes",0,0,0,0,0,0,0,0
"718","Paradialychone harrisae","species","Annelida","Polychaeta","Sabellida","Sabellidae","Paradialychone",0,0,0,0,0,0,0,0
"719","Molgula ficus","species","Chordata","Ascidiacea","Stolidobranchia","Molgulidae","Molgula",0,0,0,0,0,0,0,0
"720","Heteromysis odontops","species","Arthropoda","Malacostraca","Mysida","Mysidae","Heteromysis",0,0,0,0,0,0,0,0
"721","Asteropella slatteryi","species","Arthropoda","Ostracoda","Myodocopida","Cylindroleberididae","Asteropella",0,0,0,0,0,0,0,0
"722","Naushonia macginitiei","species","Arthropoda","Malacostraca","Decapoda","Laomediidae","Naushonia",0,0,0,0,0,0,0,0
"723","Schmittius politus","species","Arthropoda","Malacostraca","Stomatopoda","Squillidae","Schmittius",0,0,0,0,0,0,0,0
"724","Hippomedon zetesimus","species","Arthropoda","Malacostraca","Amphipoda","Tryphosidae","Hippomedon",0,0,0,0,0,0,0,0
"725","Pseudotanais makrothrix","species","Arthropoda","Malacostraca","Tanaidacea","Pseudotanaidae","Akanthinotanais",0,0,0,0,0,0,0,0
"726","Nephtys simoni","species","Annelida","Polychaeta","Phyllodocida","Nephtyidae","Nephtys",0,0,0,0,0,0,0,0
"727","Rutiderma judayi","species","Arthropoda","Ostracoda","Myodocopida","Rutidermatidae","Rutiderma",0,0,0,0,0,0,0,0
"728","Spio maculata","species","Annelida","Polychaeta",NA,"Spionidae","Spio",0,0,0,0,0,0,0,0
"729","Bemlos macromanus","species","Arthropoda","Malacostraca","Amphipoda","Aoridae","Bemlos",0,0,0,0,0,0,0,0
"730","Siriella pacifica","species","Arthropoda","Malacostraca","Mysida","Mysidae","Siriella",0,0,0,0,0,0,0,0
"731","Scyphoproctus oculatus","species","Annelida","Polychaeta",NA,"Capitellidae","Scyphoproctus",0,0,0,0,0,0,0,0
"732","Mysidopsis californica","species","Arthropoda","Malacostraca","Mysida","Mysidae","Mysidopsis",0,0,0,0,0,0,0,0
"733","Microspio microcera","species","Annelida","Polychaeta",NA,"Spionidae","Microspio",0,0,0,0,0,0,0,0
"734","Pista moorei","species","Annelida","Polychaeta",NA,"Terebellidae","Pista",0,0,0,0,0,0,0,0
"735","Pitar newcombianus","species","Mollusca","Bivalvia","Venerida","Veneridae","Pitar",0,0,0,0,0,0,0,0
"736","Murchisonella occidentalis","species","Mollusca","Gastropoda",NA,"Murchisonellidae","Murchisonella",0,0,0,0,0,0,0,0
"737","Marphysa angelensis","species","Annelida","Polychaeta","Eunicida","Eunicidae","Marphysa",0,0,0,0,0,0,0,0
"738","Streblosoma uncinatus","species","Annelida","Polychaeta",NA,"Terebellidae","Streblosoma",0,0,0,0,0,0,0,0
"739","Urosalpinx circumtexta","species","Mollusca","Gastropoda","Neogastropoda","Muricidae","Paciocinebrina",0,0,0,0,0,0,0,0
"740","Cerithiopsis carpenteri","species","Mollusca","Gastropoda",NA,"Cerithiopsidae","Cerithiopsis",0,0,0,0,0,0,0,0
"741","Petricola californiensis","species","Mollusca","Bivalvia","Venerida","Veneridae","Petricola",0,0,0,0,0,0,0,0
"742","Donax californicus","species","Mollusca","Bivalvia","Cardiida","Donacidae","Donax",0,0,0,0,0,0,0,0
"743","Barleeia subtenuis","species","Mollusca","Gastropoda","Littorinimorpha","Barleeiidae","Barleeia",0,0,0,0,0,0,0,0
"744","Protohyale canalina","species","Arthropoda","Malacostraca","Amphipoda","Hyalidae","Protohyale",0,0,0,0,0,0,0,0
"745","Tryonia imitator","species","Mollusca","Gastropoda","Littorinimorpha","Cochliopidae","Tryonia",0,0,0,0,0,0,0,0
"746","Pseudatherospio fauchaldi","species","Annelida","Polychaeta",NA,"Spionidae","Pygospiopsis",0,0,0,0,0,0,0,0
"747","Diopatra splendidissima","species","Annelida","Polychaeta","Eunicida","Onuphidae","Diopatra",0,0,0,0,0,0,0,0
"748","Tethygeneia opata","species","Arthropoda","Malacostraca","Amphipoda","Pontogeneiidae","Tethygeneia",0,0,0,0,0,0,0,0
"749","Polydora nuchalis","species","Annelida","Polychaeta",NA,"Spionidae","Polydora",0,0,0,0,0,0,0,0
"750","Nippoleucon hinumensis","species","Arthropoda","Malacostraca","Cumacea","Leuconidae","Nippoleucon",0,0,0,0,0,0,0,0
"751","Salvatoria californiensis","species","Annelida","Polychaeta","Phyllodocida","Syllidae","Salvatoria",0,0,0,0,0,0,0,0
"752","Phaenoplana longipenis","species","Platyhelminthes","Turbellaria",NA,"Stylochoplanidae","Phaenoplana",0,0,0,0,0,0,0,0
"753","Acanthomysis californica","species","Arthropoda","Malacostraca","Mysida","Mysidae","Acanthomysis",0,0,0,0,0,0,0,0
"754","Eteone dilatae","species","Annelida","Polychaeta","Phyllodocida","Phyllodocidae","Eteone",0,0,0,0,0,0,0,0
"755","Scolanthus triangulus","species","Cnidaria","Anthozoa","Actiniaria","Edwardsiidae","Scolanthus",0,0,0,0,0,0,0,0
"756","Cryptonemertes actinophila","species","Nemertea","Hoplonemertea","Monostilifera","Emplectonematidae","Cryptonemertes",0,0,0,0,0,0,0,0
"757","Dialychone veleronis","species","Annelida","Polychaeta","Sabellida","Sabellidae","Dialychone",0,0,0,0,0,0,0,0
"758","Dallocardia quadragenaria","species","Mollusca","Bivalvia","Cardiida","Cardiidae","Dallocardia",0,0,0,0,0,0,0,0
"759","Erileptus spinosus","species","Arthropoda","Malacostraca","Decapoda","Inachidae","Erileptus",0,0,0,0,0,0,0,0
"760","Caecum occidentale","species","Mollusca","Gastropoda","Littorinimorpha","Caecidae","Caecum",0,0,0,0,0,0,0,0
"761","Ianiropsis analoga","species","Arthropoda","Malacostraca","Isopoda","Janiridae","Ianiropsis",0,0,0,0,0,0,0,0
"762","Turbonilla laminata","species","Mollusca","Gastropoda",NA,"Pyramidellidae","Turbonilla",0,0,0,0,0,0,0,0
"763","Diplandros singularis","species","Platyhelminthes","Turbellaria",NA,"Faubelidae","Diplandros",0,0,0,0,0,0,0,0
"764","Salvatoria heterocirra","species","Annelida","Polychaeta","Phyllodocida","Syllidae","Salvatoria",0,0,0,0,0,0,0,0
"765","Plantago subnuda","species","Tracheophyta","Magnoliopsida","Lamiales","Plantaginaceae","Plantago",0,0,0,0,0,0,0,0
"766","Strongylura exilis","species","Chordata",NA,"Beloniformes","Belonidae","Strongylura",0,0,0,0,0,0,0,0
"767","Angustassiminea californica","species","Mollusca","Gastropoda","Littorinimorpha","Assimineidae","Angustassiminea",0,0,0,0,0,0,0,0
"768","Blackfordia virginica","species","Cnidaria","Hydrozoa","Leptothecata","Blackfordiidae","Blackfordia",0,0,0,0,0,0,0,0
"769","Cuthona perca","species","Mollusca","Gastropoda","Nudibranchia","Cuthonidae","Cuthona",0,0,0,0,0,0,0,0
"770","Hyperprosopon argenteum","species","Chordata",NA,"Perciformes","Embiotocidae","Hyperprosopon",0,0,0,0,0,0,0,0
"771","Tagelus subteres","species","Mollusca","Bivalvia","Cardiida","Solecurtidae","Tagelus",0,0,0,0,0,0,0,0
"772","Teredo bartschi","species","Mollusca","Bivalvia","Myida","Teredinidae","Teredo",0,0,0,0,0,0,0,0
"773","Chondrochelia dubia","species","Arthropoda","Malacostraca","Tanaidacea","Leptocheliidae","Chondrochelia",0,0,0,0,0,0,0,0
"774","Scleroplax granulata","species","Arthropoda","Malacostraca","Decapoda","Pinnotheridae","Scleroplax",0,0,0,0,0,0,0,0
"775","Carinomella lactea","species","Nemertea","Palaeonemertea",NA,"Carinomellidae","Carinomella",0,0,0,0,0,0,0,0
"776","Cirrophorus furcatus","species","Annelida","Polychaeta",NA,"Paraonidae","Cirrophorus",0,0,0,0,0,0,0,0
"777","Kirkegaardia cryptica","species","Annelida","Polychaeta",NA,"Cirratulidae","Kirkegaardia",0,0,0,0,0,0,0,0
"778","Leptopecten latiauratus","species","Mollusca","Bivalvia","Pectinida","Pectinidae","Leptopecten",0,0,0,0,0,0,0,0
"779","Kirkegaardia siblina","species","Annelida","Polychaeta",NA,"Cirratulidae","Kirkegaardia",0,0,0,0,0,0,0,0
"780","Lucinisca nuttalli","species","Mollusca","Bivalvia","Lucinida","Lucinidae","Lucinisca",0,0,0,0,0,0,0,0
"781","Amphiodia digitata","species","Echinodermata","Ophiuroidea","Amphilepidida","Amphiuridae","Amphiodia",0,0,0,0,0,0,0,0
"782","Magelona berkeleyi","species","Annelida","Polychaeta",NA,"Magelonidae","Magelona",0,0,0,0,0,0,0,0
"783","Ensis myrae","species","Mollusca","Bivalvia","Adapedonta","Pharidae","Ensis",0,0,0,0,0,0,0,0
"784","Malmgreniella macginitiei","species","Annelida","Polychaeta","Phyllodocida","Polynoidae","Malmgreniella",0,0,0,0,0,0,0,0
"785","Aglaophamus verrilli","species","Annelida","Polychaeta","Phyllodocida","Nephtyidae","Aglaophamus",0,0,0,0,0,0,0,0
"786","Cymatioa electilis","species","Mollusca","Bivalvia","Galeommatida","Galeommatidae","Cymatioa",0,0,0,0,0,0,0,0
"787","Heterophoxus ellisi","species","Arthropoda","Malacostraca","Amphipoda","Phoxocephalidae","Heterophoxus",0,0,0,0,0,0,0,0
"788","Prionospio pygmaeus","species","Annelida","Polychaeta",NA,"Spionidae","Apoprionospio",0,0,0,0,0,0,0,0
"789","Prionospio heterobranchia","species","Annelida","Polychaeta",NA,"Spionidae","Prionospio",0,0,0,0,0,0,0,0
"790","Elasmopus bampo","species","Arthropoda","Malacostraca","Amphipoda","Maeridae","Elasmopus",0,0,0,0,0,0,0,0
"791","Hoploplana californica","species","Platyhelminthes","Turbellaria",NA,"Hoploplanidae","Hoploplana",0,0,0,0,0,0,0,0
"792","Hourstonius vilordes","species","Arthropoda","Malacostraca","Amphipoda","Amphilochidae","Hourstonius",0,0,0,0,0,0,0,0
"793","Scolelepis texana","species","Annelida","Polychaeta",NA,"Spionidae","Scolelepis",0,0,0,0,0,0,0,0
"794","Polygireulima rutila","species","Mollusca","Gastropoda","Littorinimorpha","Eulimidae","Polygireulima",0,0,0,0,0,0,0,0
"795","Platymera gaudichaudii","species","Arthropoda","Malacostraca","Decapoda","Calappidae","Platymera",0,0,0,0,0,0,0,0
"796","Neotrypaea biffari","species","Arthropoda","Malacostraca","Decapoda","Callianassidae","Neotrypaea",0,0,0,0,0,0,0,0
"797","Ericerodes hemphillii","species","Arthropoda","Malacostraca","Decapoda","Inachidae","Ericerodes",0,0,0,0,0,0,0,0
"798","Neastacilla californica","species","Arthropoda","Malacostraca","Isopoda","Arcturidae","Neastacilla",0,0,0,0,0,0,0,0
"799","Pareurythoe californica","species","Annelida","Polychaeta","Amphinomida","Amphinomidae","Pareurythoe",0,0,0,0,0,0,0,0
"800","Eobrolgus chumashi","species","Arthropoda","Malacostraca","Amphipoda","Phoxocephalidae","Eobrolgus",0,0,0,0,0,0,0,0
"801","Branchiostoma californiense","species","Chordata","Leptocardii",NA,"Branchiostomatidae","Branchiostoma",0,0,0,0,0,0,0,0
"802","Trophoniella harrisae","species","Annelida","Polychaeta",NA,"Flabelligeridae","Trophoniella",0,0,0,0,0,0,0,0
"803","Scoletoma tetraura","species","Annelida","Polychaeta","Eunicida","Lumbrineridae","Scoletoma",0,0,0,0,0,0,0,0
"804","Sphenia fragilis","species","Mollusca","Bivalvia","Myida","Myidae","Sphenia",0,0,0,0,0,0,0,0
"805","Sphaerosyllis californiensis","species","Annelida","Polychaeta","Phyllodocida","Syllidae","Sphaerosyllis",0,0,0,0,0,0,0,0
"806","Thelepus hamatus","species","Annelida","Polychaeta",NA,"Terebellidae","Thelepus",0,0,0,0,0,0,0,0
"807","Owenia collaris","species","Annelida","Polychaeta","Sabellida","Oweniidae","Owenia",0,0,0,0,0,0,0,0
"808","Rhynchospio arenincola","species","Annelida","Polychaeta",NA,"Spionidae","Rhynchospio",0,0,0,0,0,0,0,0
"809","Calyptraea fastigiata","species","Mollusca","Gastropoda","Littorinimorpha","Calyptraeidae","Calyptraea",0,0,0,0,0,0,0,0
"810","Uromunna ubiquita","species","Arthropoda","Malacostraca","Isopoda","Munnidae","Uromunna",0,0,0,0,0,0,0,0
"811","Ancistrosyllis hamata","species","Annelida","Polychaeta","Phyllodocida","Pilargidae","Ancistrosyllis",0,0,0,0,0,0,0,0
"812","Lepidonotus spiculus","species","Annelida","Polychaeta","Phyllodocida","Polynoidae","Lepidonotus",0,0,0,0,0,0,0,0
"813","Notomastus lineatus","species","Annelida","Polychaeta",NA,"Capitellidae","Notomastus",0,0,0,0,0,0,0,0
"814","Salmacina tribranchiata","species","Annelida","Polychaeta","Sabellida","Serpulidae","Salmacina",0,0,0,0,0,0,0,0
